ModelID,ProfileID,ProfileType
ACH-000873,PR-kl468e,rna
ACH-000873,PR-sDMrS8,dna
ACH-001089,PR-qOn2lx,dna
ACH-000860,PR-yL4kGI,rna
ACH-000860,PR-gSDwyR,dna
ACH-001715,PR-pUWMlI,rna
ACH-001715,PR-OrnAxc,dna
ACH-001627,PR-2WACfU,rna
ACH-001627,PR-5vQHpI,dna
ACH-000439,PR-tAgQgg,rna
ACH-000439,PR-jonoJG,dna
ACH-002255,PR-GYfpLB,dna
ACH-001638,PR-iAibSR,rna
ACH-001638,PR-FZ5nGv,dna
ACH-002041,PR-6WdmAx,rna
ACH-002041,PR-9dU2Dr,dna
ACH-000318,PR-sgV9uU,rna
ACH-000318,PR-NKbkQk,dna
ACH-001142,PR-1SxiAL,rna
ACH-002401,PR-vhDLCX,rna
ACH-002401,PR-RtIft3,dna
ACH-001533,PR-2WXRlv,rna
ACH-001533,PR-xYVgxG,dna
ACH-002669,PR-eZ3iv8,rna
ACH-002669,PR-oWDWeY,dna
ACH-001680,PR-hXbLIL,rna
ACH-001680,PR-Rgexy9,dna
ACH-000789,PR-GkSvfv,rna
ACH-000789,PR-2056gD,dna
ACH-002100,PR-fi9A8c,dna
ACH-000544,PR-xwKb3G,rna
ACH-000544,PR-6cQSp2,dna
ACH-000531,PR-r0ORQZ,rna
ACH-000531,PR-31jRAf,dna
ACH-000695,PR-mqXxEp,rna
ACH-000695,PR-kuQnIb,dna
ACH-001704,PR-AQv9F9,rna
ACH-001704,PR-tFOWBW,dna
ACH-000399,PR-ypeetS,rna
ACH-000399,PR-K7DgFj,dna
ACH-003191,PR-14WoYv,rna
ACH-003191,PR-5Z9nRF,dna
ACH-000175,PR-f1fZbH,rna
ACH-000175,PR-t7z2DQ,dna
ACH-001558,PR-Ma6eYe,rna
ACH-001558,PR-HD4xg6,dna
ACH-001793,PR-Yj4UVV,rna
ACH-001793,PR-IrKja0,dna
ACH-003145,PR-uqlNf8,rna
ACH-003468,PR-hy5Vel,rna
ACH-003468,PR-qXaD5w,dna
ACH-000990,PR-a1Bl1Q,rna
ACH-000990,PR-4IHwlo,dna
ACH-000341,PR-F9jSGW,rna
ACH-000341,PR-lipqdd,dna
ACH-003183,PR-IXiQoP,rna
ACH-003183,PR-cB7iUU,dna
ACH-000424,PR-kXQqUL,rna
ACH-000424,PR-d3Gt2J,dna
ACH-001450,PR-wBq2IE,rna
ACH-001450,PR-VqAoGS,dna
ACH-002678,PR-eeS8lC,rna
ACH-002678,PR-AeffkL,dna
ACH-002794,PR-zpG15h,rna
ACH-002794,PR-jhmhyz,dna
ACH-000495,PR-Fg5Fny,rna
ACH-000495,PR-FlRMNN,dna
ACH-001200,PR-l2ZXB8,rna
ACH-001200,PR-pRti9C,dna
ACH-002026,PR-kTUf8Q,rna
ACH-002026,PR-qfOEgU,dna
ACH-000427,PR-l7Jg3t,rna
ACH-000427,PR-ZLAW5H,dna
ACH-001338,PR-BoNJN3,rna
ACH-001338,PR-FGqCkP,dna
ACH-001163,PR-50EY5A,rna
ACH-001163,PR-jGkzxR,dna
ACH-002192,PR-mZFuZt,dna
ACH-001443,PR-rgWliS,rna
ACH-001443,PR-xenMnr,dna
ACH-000612,PR-Myvrcc,rna
ACH-000612,PR-RDbb1o,dna
ACH-001485,PR-MopqQe,rna
ACH-001485,PR-Kh1iW2,dna
ACH-000834,PR-rVEWoO,rna
ACH-000834,PR-yX1uS6,dna
ACH-002433,PR-OV26gl,rna
ACH-002433,PR-ejTtKM,dna
ACH-002017,PR-YOr8Y3,rna
ACH-002017,PR-DnuhxL,dna
ACH-000571,PR-uezrlM,rna
ACH-000571,PR-pA4ud2,dna
ACH-000694,PR-sbcqfY,rna
ACH-000694,PR-45qihg,dna
ACH-001687,PR-doL5Ei,rna
ACH-001687,PR-7AvMJR,dna
ACH-000590,PR-3C794r,rna
ACH-000590,PR-XTCfjw,dna
ACH-002236,PR-MnWmgX,dna
ACH-000686,PR-WKnuCo,rna
ACH-000686,PR-6yM2mu,dna
ACH-003308,PR-ZZwB5D,rna
ACH-003308,PR-xg6q2c,dna
ACH-000993,PR-WQIceW,rna
ACH-000993,PR-Ggfzdb,dna
ACH-002459,PR-Cqd4CZ,rna
ACH-002459,PR-WIWH9f,dna
ACH-000308,PR-uRm8be,rna
ACH-000308,PR-sBaaMQ,dna
ACH-002278,PR-lj2b9S,dna
ACH-001630,PR-im7HbL,rna
ACH-001630,PR-8jyfpV,dna
ACH-000397,PR-U9XS3G,rna
ACH-000397,PR-jMdExQ,dna
ACH-001210,PR-JDgmtA,rna
ACH-001210,PR-pzvZFc,dna
ACH-003154,PR-bNFpIV,rna
ACH-000421,PR-L7jPvC,rna
ACH-000421,PR-iXWzlb,dna
ACH-000882,PR-3wDEFc,rna
ACH-000882,PR-TsIoQA,dna
ACH-002292,PR-WjpsOP,dna
ACH-002780,PR-7Q6dXV,rna
ACH-002780,PR-gkmgBd,dna
ACH-001490,PR-jvsZI3,dna
ACH-003150,PR-6PmiOz,rna
ACH-001412,PR-5E6PNA,rna
ACH-001412,PR-v47xoc,dna
ACH-000864,PR-WiONV0,rna
ACH-000864,PR-cBcN9J,dna
ACH-000517,PR-aOml9R,rna
ACH-000517,PR-bN9boN,dna
ACH-000317,PR-xpQgIV,rna
ACH-000317,PR-lX5iXU,dna
ACH-000577,PR-0ZqBjs,rna
ACH-000577,PR-uZt2qt,dna
ACH-000937,PR-8NpDE7,rna
ACH-000937,PR-iRqNoI,dna
ACH-001530,PR-wwljOY,rna
ACH-001530,PR-mXKNsQ,dna
ACH-000433,PR-I8qkql,rna
ACH-000433,PR-0NLPeq,dna
ACH-002239,PR-Fu0w28,dna
ACH-000296,PR-Od05uC,rna
ACH-000296,PR-s9g3cg,dna
ACH-002345,PR-Ygl5DP,dna
ACH-000417,PR-g6AdWm,rna
ACH-000417,PR-q9VmGQ,dna
ACH-000595,PR-4FTz66,rna
ACH-000595,PR-BGUgGC,dna
ACH-002368,PR-1P0pL3,dna
ACH-000061,PR-WlUUhQ,rna
ACH-000061,PR-YkFyBd,dna
ACH-000722,PR-oxqJIi,rna
ACH-000722,PR-7W600z,dna
ACH-002281,PR-NpGjEQ,dna
ACH-001392,PR-GtQmRJ,rna
ACH-001392,PR-LfrPBd,dna
ACH-002010,PR-nmMLbf,rna
ACH-002010,PR-rmiFGJ,dna
ACH-002251,PR-X5mbcD,dna
ACH-001356,PR-tAusaS,rna
ACH-001356,PR-3BkIqE,dna
ACH-000337,PR-ZJC2Tm,rna
ACH-000337,PR-F5f6yU,dna
ACH-000947,PR-ypIXHT,rna
ACH-000947,PR-egJh3A,dna
ACH-000328,PR-S409MD,rna
ACH-000328,PR-CpGcTp,dna
ACH-002312,PR-WQDDwP,dna
ACH-000219,PR-zbbol8,rna
ACH-000219,PR-YYirlb,dna
ACH-000277,PR-ZvWIf3,rna
ACH-000277,PR-uLwAEv,dna
ACH-002926,PR-VcTZiv,rna
ACH-002926,PR-bdhY8L,dna
ACH-000225,PR-niYmQz,rna
ACH-000225,PR-fIitxU,dna
ACH-000788,PR-QmkJ5E,rna
ACH-000788,PR-XkWGDu,dna
ACH-000096,PR-cDHTtz,rna
ACH-000096,PR-pYHfy7,dna
ACH-000966,PR-Q5fGkM,rna
ACH-000966,PR-YK2xaU,dna
ACH-000921,PR-Rb5wEU,rna
ACH-000921,PR-kRqGcx,dna
ACH-000522,PR-KxjYfi,rna
ACH-000522,PR-8Yvnsj,dna
ACH-000733,PR-5IAyrX,rna
ACH-000733,PR-CwO7jK,dna
ACH-002034,PR-igFDAa,rna
ACH-002034,PR-5MNsLN,dna
ACH-003120,PR-CAibHX,rna
ACH-003120,PR-L7QvCt,dna
ACH-000322,PR-triaFC,rna
ACH-000322,PR-SG6WEu,dna
ACH-000182,PR-ZCHM6o,rna
ACH-000182,PR-sJO4Iz,dna
ACH-001400,PR-rBEEq2,rna
ACH-001400,PR-kdeNGD,dna
ACH-000023,PR-dd92qT,rna
ACH-000023,PR-hVRrXM,dna
ACH-000542,PR-PzfzVu,rna
ACH-000542,PR-PtADWb,dna
ACH-001516,PR-hzeMyV,rna
ACH-001516,PR-3L6oOj,dna
ACH-000728,PR-kiBk5e,rna
ACH-000728,PR-GZZYAm,dna
ACH-002936,PR-5wJmAH,rna
ACH-002936,PR-vE8egc,dna
ACH-000634,PR-rbII0n,rna
ACH-000634,PR-QgRnyg,dna
ACH-000290,PR-7pZBap,rna
ACH-000290,PR-s9uzxe,dna
ACH-000997,PR-x7CiR1,rna
ACH-000997,PR-4jA3sP,dna
ACH-000388,PR-RI2MGL,rna
ACH-000388,PR-mDPnd1,dna
ACH-000867,PR-WZ9vDj,rna
ACH-000867,PR-2kNtFF,dna
ACH-002497,PR-GLFhDo,rna
ACH-002497,PR-y6dCjb,dna
ACH-001500,PR-LPTjkk,rna
ACH-001500,PR-eUfoVk,dna
ACH-000135,PR-EBJGGt,rna
ACH-000135,PR-yZCCrM,dna
ACH-002538,PR-ES3f8z,rna
ACH-002538,PR-Hu7pwC,dna
ACH-001332,PR-YCZBm9,rna
ACH-001332,PR-aqFo8p,dna
ACH-000624,PR-AoRUnw,rna
ACH-000624,PR-roGbFO,dna
ACH-002014,PR-lVnV8v,rna
ACH-002014,PR-u1sjnZ,dna
ACH-000818,PR-8UOyEX,rna
ACH-000818,PR-d8Xeu3,dna
ACH-000504,PR-V3UMib,rna
ACH-000504,PR-MKblfW,dna
ACH-000965,PR-ml5T9H,rna
ACH-000965,PR-GYB91T,dna
ACH-002399,PR-0PSp7b,rna
ACH-002399,PR-ac6dwC,dna
ACH-000836,PR-Bn5WhF,rna
ACH-000836,PR-SI1tk5,dna
ACH-000735,PR-D6dR4v,rna
ACH-000735,PR-BVJyOj,dna
ACH-001194,PR-m6zam8,rna
ACH-001194,PR-NDks9r,dna
ACH-001350,PR-vKyC7c,rna
ACH-001350,PR-uIFwjz,dna
ACH-001698,PR-lSPxfa,rna
ACH-001698,PR-Xhtv3P,dna
ACH-002234,PR-LVJxLQ,dna
ACH-000235,PR-elkm5d,rna
ACH-000235,PR-yyBW7y,dna
ACH-000309,PR-FnvgpP,dna
ACH-003480,PR-Px03bN,dna
ACH-002461,PR-QzsyRY,rna
ACH-002461,PR-eK1c8R,dna
ACH-000102,PR-Vz1NIO,rna
ACH-000102,PR-3zSvim,dna
ACH-001190,PR-P15Fva,rna
ACH-001190,PR-otNegA,dna
ACH-000521,PR-N72l8j,rna
ACH-000521,PR-Pd0Ucw,dna
ACH-002200,PR-feKElS,dna
ACH-000431,PR-JxzNBd,rna
ACH-000431,PR-ntXWoU,dna
ACH-000732,PR-xBRCzo,rna
ACH-000732,PR-pnv2Q0,dna
ACH-000967,PR-yJy4ma,rna
ACH-000967,PR-3cTeXa,dna
ACH-001183,PR-OCMaJe,rna
ACH-001183,PR-JyiOtL,dna
ACH-001960,PR-nraCNK,rna
ACH-001960,PR-rcGiQh,dna
ACH-000221,PR-XZjZJc,rna
ACH-000221,PR-L4aIPw,dna
ACH-002224,PR-97H3Ob,dna
ACH-001984,PR-UDfazu,rna
ACH-001984,PR-nYisy2,dna
ACH-000871,PR-X8xxer,rna
ACH-000871,PR-6yfakc,dna
ACH-002119,PR-wnGSlU,dna
ACH-002293,PR-EImm1L,dna
ACH-000014,PR-q6QIQQ,rna
ACH-000014,PR-Olj6Go,dna
ACH-002643,PR-tLLEvN,rna
ACH-002643,PR-tKIRoD,dna
ACH-003181,PR-krXeDW,rna
ACH-003181,PR-BqUhod,dna
ACH-001519,PR-ktBnpW,rna
ACH-001519,PR-7CTAVs,dna
ACH-001526,PR-gKk8nO,rna
ACH-001526,PR-LTKHUp,dna
ACH-000197,PR-QSFh78,rna
ACH-000197,PR-CaXKYy,dna
ACH-000930,PR-6bANmd,rna
ACH-000930,PR-DNEoiz,dna
ACH-003157,PR-VG2HGb,rna
ACH-000393,PR-zkqqQA,rna
ACH-000393,PR-RMWWpu,dna
ACH-000887,PR-VBW2VX,rna
ACH-000887,PR-E1sXJN,dna
ACH-002846,PR-IwTsjz,rna
ACH-002846,PR-F4n6DY,dna
ACH-000985,PR-1oT3fV,rna
ACH-000985,PR-ZhEuUF,dna
ACH-000952,PR-VZHEvE,rna
ACH-000952,PR-81oclJ,dna
ACH-000231,PR-ZzHTvC,rna
ACH-000231,PR-34luyw,dna
ACH-000087,PR-39HBc7,rna
ACH-000087,PR-bFkp19,dna
ACH-001111,PR-EB847Y,rna
ACH-001111,PR-GzomD6,dna
ACH-000294,PR-A2ryTk,rna
ACH-000294,PR-xLaSFy,dna
ACH-001609,PR-8aUlkq,rna
ACH-001609,PR-K9Bi2i,dna
ACH-000975,PR-s28NRl,rna
ACH-000975,PR-UPMOnp,dna
ACH-000053,PR-1ZmtTs,rna
ACH-000053,PR-yqcDUP,dna
ACH-000578,PR-CqdD2n,rna
ACH-001098,PR-0hdbB5,rna
ACH-001098,PR-i0a92e,dna
ACH-001543,PR-BYfZvl,rna
ACH-001543,PR-wCP4NG,dna
ACH-000591,PR-Bdy0p3,rna
ACH-000591,PR-a8EG9o,dna
ACH-001608,PR-3JsWWy,rna
ACH-001608,PR-pm4VVX,dna
ACH-000995,PR-oHcn2T,rna
ACH-000995,PR-Ds9QdK,dna
ACH-001693,PR-v7rK69,rna
ACH-001693,PR-TUwXM3,dna
ACH-002354,PR-DaJPv6,dna
ACH-000339,PR-Iovwi2,rna
ACH-000339,PR-yBAw2p,dna
ACH-000944,PR-o718hY,rna
ACH-000944,PR-T3ZngO,dna
ACH-002921,PR-wPZRzF,rna
ACH-002921,PR-G6U4ng,dna
ACH-001119,PR-TjzlzI,rna
ACH-001119,PR-ylCfEa,dna
ACH-002404,PR-ja7LNf,rna
ACH-002404,PR-Hwjmfl,dna
ACH-001557,PR-sip3Lc,rna
ACH-001557,PR-RaUmVV,dna
ACH-001075,PR-VUoQ0c,rna
ACH-001075,PR-Gtgm4G,dna
ACH-000027,PR-aqJl6L,rna
ACH-000027,PR-0fBntb,dna
ACH-002050,PR-JxUrlU,rna
ACH-002050,PR-iVaYeh,dna
ACH-001814,PR-DaW5O4,rna
ACH-001814,PR-qOxoEw,dna
ACH-001345,PR-QqnKf7,rna
ACH-001345,PR-UrpBYx,dna
ACH-002927,PR-ey3so2,rna
ACH-002927,PR-L20QEq,dna
ACH-000152,PR-VqMWT8,rna
ACH-000152,PR-K0KOcW,dna
ACH-001767,PR-kcqeyj,dna
ACH-000878,PR-LKslp8,rna
ACH-000878,PR-DEEPBR,dna
ACH-000948,PR-3CMhX7,rna
ACH-000948,PR-1a8HqD,dna
ACH-001494,PR-ULeizv,rna
ACH-001494,PR-FGHIYf,dna
ACH-000917,PR-sLKHAb,rna
ACH-000917,PR-onxKlt,dna
ACH-000063,PR-Ny54jl,rna
ACH-000063,PR-sMfubO,dna
ACH-001791,PR-1ri2y7,rna
ACH-001791,PR-n50HQn,dna
ACH-000515,PR-b9pzyK,rna
ACH-000515,PR-dYE1Ic,dna
ACH-000684,PR-fSYZbP,rna
ACH-000684,PR-3lR3Kt,dna
ACH-003143,PR-Is3tjY,rna
ACH-001850,PR-z6h4G5,rna
ACH-001850,PR-RBrfAT,dna
ACH-001347,PR-dDibQr,rna
ACH-001347,PR-72XNeT,dna
ACH-001673,PR-geQKUK,rna
ACH-001673,PR-lzNIhF,dna
ACH-001547,PR-oVFjCh,rna
ACH-001547,PR-w45aIp,dna
ACH-000129,PR-ZJS678,rna
ACH-000129,PR-poR0GY,dna
ACH-001563,PR-b3ZiM1,rna
ACH-001563,PR-fx9kEA,dna
ACH-000127,PR-cqE8Be,rna
ACH-000127,PR-tghtMl,dna
ACH-003012,PR-nk7NhS,rna
ACH-003012,PR-YB7Ihh,dna
ACH-000530,PR-zTH41R,rna
ACH-000530,PR-0qqA8m,dna
ACH-000744,PR-KpSPQh,rna
ACH-000744,PR-I5tq2d,dna
ACH-002371,PR-uRt0D1,dna
ACH-000538,PR-XyJQ2O,rna
ACH-000538,PR-VY6lxi,dna
ACH-000716,PR-96ardQ,rna
ACH-000716,PR-QXCygP,dna
ACH-000859,PR-ypABRs,rna
ACH-000859,PR-wyYRyw,dna
ACH-000792,PR-RMpAVe,rna
ACH-000792,PR-JJZgHy,dna
ACH-002132,PR-WbTN8k,dna
ACH-002337,PR-xCLW2a,dna
ACH-001997,PR-IVFp8S,rna
ACH-001997,PR-QQ2Hv2,dna
ACH-002110,PR-hXZzXy,dna
ACH-000822,PR-1GbOQ3,rna
ACH-000822,PR-33eWct,dna
ACH-002307,PR-IwcVXa,dna
ACH-000851,PR-x8rjfa,rna
ACH-000851,PR-4lF8e0,dna
ACH-002046,PR-uCnkK1,rna
ACH-002046,PR-phRbn2,dna
ACH-000821,PR-bm4xsG,rna
ACH-000821,PR-H5CCg3,dna
ACH-002485,PR-60Pdyw,rna
ACH-002485,PR-EtBUC0,dna
ACH-000863,PR-iRyHOd,rna
ACH-000863,PR-VLStra,dna
ACH-000262,PR-3Jaqa6,rna
ACH-000262,PR-tlSkiu,dna
ACH-000288,PR-zAYKaf,rna
ACH-000288,PR-43Hong,dna
ACH-003071,PR-HR5cVs,rna
ACH-003071,PR-fBhmJ1,dna
ACH-001503,PR-NyeSyA,rna
ACH-001503,PR-pZDApi,dna
ACH-001419,PR-O8jXE4,rna
ACH-001419,PR-IqCpcq,dna
ACH-002144,PR-z5WBjK,dna
ACH-001653,PR-LlLjKV,rna
ACH-001653,PR-zWyHnl,dna
ACH-000177,PR-VS2HIo,rna
ACH-000177,PR-QEFNJs,dna
ACH-002126,PR-u3DLBk,dna
ACH-000354,PR-GQJS9H,rna
ACH-000354,PR-RVdl85,dna
ACH-000089,PR-e8Fv3n,rna
ACH-000089,PR-r8D1FM,dna
ACH-000321,PR-kkVXF8,rna
ACH-000321,PR-0ndQ3C,dna
ACH-000813,PR-XEwrrU,rna
ACH-000813,PR-NqFlat,dna
ACH-000383,PR-p5PuMl,rna
ACH-000383,PR-hs2Mvr,dna
ACH-002677,PR-uz4ejM,rna
ACH-002677,PR-XVtuiY,dna
ACH-001203,PR-g3kS9D,dna
ACH-000348,PR-vM7wlE,rna
ACH-000348,PR-ZgrTvM,dna
ACH-000562,PR-I6cseI,rna
ACH-000562,PR-qwNCQ4,dna
ACH-001751,PR-FCFdSX,rna
ACH-001751,PR-L2ABsw,dna
ACH-002283,PR-bngsQf,rna
ACH-002283,PR-3PJVFB,dna
ACH-000907,PR-OlDHWy,rna
ACH-000907,PR-DbwlQN,dna
ACH-001691,PR-Luepaz,rna
ACH-001691,PR-2ei6MD,dna
ACH-000901,PR-6fNkuZ,rna
ACH-000901,PR-yY5sTt,dna
ACH-002193,PR-pjbvTk,dna
ACH-000260,PR-vCqYG0,rna
ACH-000260,PR-6sBBEB,dna
ACH-000623,PR-3q5Wwz,rna
ACH-000623,PR-gHfNU1,dna
ACH-001858,PR-RWNv81,rna
ACH-001858,PR-4HJAGr,dna
ACH-003141,PR-vOzu7M,rna
ACH-000434,PR-ykalCn,rna
ACH-000434,PR-14sBTC,dna
ACH-000458,PR-dIXDm8,rna
ACH-000458,PR-K5EUMa,dna
ACH-001685,PR-Zd9cwX,rna
ACH-001685,PR-K3zX9w,dna
ACH-000685,PR-jE4SjM,rna
ACH-000685,PR-KnZ4MA,dna
ACH-001994,PR-oKADnp,rna
ACH-001994,PR-Hkabt7,dna
ACH-002796,PR-2VgCsB,rna
ACH-002796,PR-q7gHJz,dna
ACH-000122,PR-gGFptV,rna
ACH-000122,PR-65U3FP,dna
ACH-000422,PR-rlMjor,rna
ACH-000422,PR-Z29WnC,dna
ACH-002276,PR-aXILcs,dna
ACH-003429,PR-m3ZoDr,dna
ACH-000711,PR-TQalP0,rna
ACH-000711,PR-WRa9AK,dna
ACH-001807,PR-qKd3RL,rna
ACH-001807,PR-dUx44m,dna
ACH-001209,PR-2NFdzg,rna
ACH-001209,PR-6pJTKH,dna
ACH-002264,PR-h5NMdB,dna
ACH-002387,PR-yVIatm,dna
ACH-000760,PR-uOhnZZ,rna
ACH-000760,PR-nhopBm,dna
ACH-002801,PR-0TqtF4,rna
ACH-002801,PR-5QjuhC,dna
ACH-000488,PR-W6AD3J,rna
ACH-000488,PR-IRf5z2,dna
ACH-000964,PR-tYD2aE,rna
ACH-000964,PR-12QdUO,dna
ACH-000934,PR-Gj6QEV,rna
ACH-000934,PR-w49cqq,dna
ACH-000299,PR-CH0d85,rna
ACH-000299,PR-L3FIui,dna
ACH-002067,PR-Ft3wbx,rna
ACH-002067,PR-GWI1RK,dna
ACH-001481,PR-FfTeLb,rna
ACH-001481,PR-MedeG1,dna
ACH-002136,PR-usLYqC,dna
ACH-002222,PR-Sitlx9,dna
ACH-000523,PR-qsDmbH,rna
ACH-000523,PR-RZUnHd,dna
ACH-002277,PR-rIEjXG,dna
ACH-000646,PR-e97U8R,rna
ACH-000646,PR-lzNVRi,dna
ACH-000691,PR-j9iGx5,rna
ACH-000691,PR-IxWu6d,dna
ACH-002363,PR-reftw6,dna
ACH-001306,PR-RUkMGW,rna
ACH-001306,PR-2KTJS4,dna
ACH-000746,PR-LD8ryu,rna
ACH-000746,PR-eqyUyf,dna
ACH-000408,PR-sZ6bMf,rna
ACH-000408,PR-lygO7l,dna
ACH-000569,PR-QZIc8h,rna
ACH-000569,PR-TLmgkJ,dna
ACH-001415,PR-nAkgJE,rna
ACH-001415,PR-SKoeyK,dna
ACH-001147,PR-tJqfsR,rna
ACH-001147,PR-meswUv,dna
ACH-000657,PR-MKZvyD,rna
ACH-000657,PR-sn0EQB,dna
ACH-000071,PR-BqMy4n,rna
ACH-000687,PR-OWLZ9l,rna
ACH-000687,PR-wwQB7j,dna
ACH-000587,PR-dmYRK0,rna
ACH-000587,PR-7M6hyK,dna
ACH-001971,PR-7moAnB,rna
ACH-001971,PR-sWq53R,dna
ACH-001207,PR-H4LejU,rna
ACH-000588,PR-HOjBkF,rna
ACH-000588,PR-nQXJzs,dna
ACH-000378,PR-D5Zjey,rna
ACH-000378,PR-BTEHU6,dna
ACH-003148,PR-5DLC8Z,rna
ACH-000261,PR-z0gT24,rna
ACH-000261,PR-4FG12g,dna
ACH-001566,PR-wNr1Yv,rna
ACH-001566,PR-XFxyxc,dna
ACH-000768,PR-6b02yU,rna
ACH-000768,PR-X96ugW,dna
ACH-002790,PR-CLyB0X,rna
ACH-002790,PR-wcXD7g,dna
ACH-002140,PR-if8jun,dna
ACH-001537,PR-0rx9JA,rna
ACH-001537,PR-BFrShL,dna
ACH-001184,PR-6MN8xw,rna
ACH-001184,PR-m1QN4m,dna
ACH-001398,PR-hZhjZA,rna
ACH-001398,PR-Z7RHS2,dna
ACH-002290,PR-IFUGut,rna
ACH-002290,PR-uSMhrI,dna
ACH-001417,PR-1xuv37,dna
ACH-001639,PR-5sCxrE,dna
ACH-000069,PR-33A9G9,rna
ACH-000069,PR-ypI3pl,dna
ACH-001667,PR-fSxWMu,rna
ACH-001667,PR-P70lSh,dna
ACH-002244,PR-7hHZ69,dna
ACH-000333,PR-Md0yPq,rna
ACH-001949,PR-dirmYZ,rna
ACH-001949,PR-lhMBt6,dna
ACH-002106,PR-IiBaqI,dna
ACH-000384,PR-Z78nJR,rna
ACH-000384,PR-y8SruX,dna
ACH-000224,PR-PWhm64,rna
ACH-000224,PR-TvKzhh,dna
ACH-001699,PR-3BJhtr,rna
ACH-001699,PR-cIS47b,dna
ACH-003103,PR-GR8pVV,rna
ACH-003103,PR-MjJjJT,dna
ACH-002305,PR-8D5wB9,dna
ACH-002280,PR-qMKheG,dna
ACH-000575,PR-0B6q0Z,rna
ACH-002659,PR-8MVaEE,rna
ACH-002659,PR-AQQ8je,dna
ACH-001106,PR-g3t2bv,rna
ACH-001106,PR-JEv1oA,dna
ACH-002240,PR-cPO7yw,dna
ACH-002792,PR-SaRcOg,rna
ACH-002792,PR-5YT1OE,dna
ACH-002209,PR-IfWBJl,dna
ACH-000840,PR-7YMowa,rna
ACH-000840,PR-qmmet5,dna
ACH-000003,PR-jIbcm8,rna
ACH-000278,PR-P5yLUL,rna
ACH-000278,PR-ZYtjVT,dna
ACH-000272,PR-AsiaZV,rna
ACH-000272,PR-tqUPnF,dna
ACH-000398,PR-lsm4JW,rna
ACH-000398,PR-eUFjmR,dna
ACH-001852,PR-eAkhgm,rna
ACH-001852,PR-aSfLU6,dna
ACH-000025,PR-1x4KRV,rna
ACH-000025,PR-OojYLt,dna
ACH-000453,PR-IobBeJ,rna
ACH-000453,PR-mXUTIx,dna
ACH-001719,PR-CLUusD,rna
ACH-001719,PR-nHAA3n,dna
ACH-000638,PR-l8Di5B,rna
ACH-000638,PR-727ZKc,dna
ACH-000046,PR-s5pYAd,rna
ACH-000046,PR-NXn9fL,dna
ACH-000640,PR-WefPGM,rna
ACH-000640,PR-PNKnmM,dna
ACH-000228,PR-I3AQvS,rna
ACH-000228,PR-fsqxV3,dna
ACH-000464,PR-V7nTHQ,rna
ACH-000464,PR-sKTs2p,dna
ACH-001980,PR-y9tBiy,rna
ACH-001980,PR-qLmgDV,dna
ACH-000114,PR-afq7Fp,rna
ACH-000114,PR-cIskZW,dna
ACH-002247,PR-8EE2ka,dna
ACH-000154,PR-1jxOSO,rna
ACH-000154,PR-vW8e3y,dna
ACH-000117,PR-Twe0Mn,rna
ACH-000117,PR-RG9TgA,dna
ACH-000093,PR-PUM4OM,rna
ACH-000093,PR-0riUD0,dna
ACH-000823,PR-4rthc9,rna
ACH-000823,PR-Ru1ESx,dna
ACH-000757,PR-6hVuX7,rna
ACH-000757,PR-og81ZO,dna
ACH-000941,PR-8ALmei,rna
ACH-000941,PR-SmHH3N,dna
ACH-000484,PR-NL32EM,rna
ACH-000484,PR-vct1gT,dna
ACH-000271,PR-N67v1C,rna
ACH-000271,PR-9eJ7rS,dna
ACH-001670,PR-9n6z5S,rna
ACH-001670,PR-i4s165,dna
ACH-001328,PR-SbVRrq,rna
ACH-001328,PR-qCwKEA,dna
ACH-001695,PR-D1Ah7e,rna
ACH-001695,PR-hMA5Xe,dna
ACH-002994,PR-UC14U6,rna
ACH-002994,PR-LnyWEs,dna
ACH-001188,PR-91uSGU,rna
ACH-001188,PR-B8MLf4,dna
ACH-000655,PR-7nSGqD,rna
ACH-000655,PR-HvE8oO,dna
ACH-000139,PR-zMyZxq,rna
ACH-000139,PR-uyeqvA,dna
ACH-000508,PR-7aOBrs,rna
ACH-000508,PR-1ah9FQ,dna
ACH-000111,PR-nGkQDN,rna
ACH-000111,PR-bceThz,dna
ACH-002647,PR-Qi0kuT,rna
ACH-002647,PR-lsXdrW,dna
ACH-002038,PR-wgc6Rb,rna
ACH-002038,PR-wNBi2F,dna
ACH-000291,PR-rgeHwh,rna
ACH-000291,PR-LTIJeY,dna
ACH-002089,PR-WZtkzQ,dna
ACH-000118,PR-dJ1sOb,rna
ACH-000118,PR-ey4Yyh,dna
ACH-001981,PR-JPWthD,rna
ACH-001981,PR-DIFe3r,dna
ACH-001059,PR-7lDaBF,rna
ACH-001059,PR-tEpLCL,dna
ACH-002229,PR-tILCVb,dna
ACH-003471,PR-DjQTas,rna
ACH-003471,PR-4uNl0E,dna
ACH-000233,PR-z36vet,rna
ACH-000233,PR-bR1uy1,dna
ACH-001835,PR-vtvyQ4,rna
ACH-001835,PR-8nhMR6,dna
ACH-000151,PR-RMPZ9P,rna
ACH-000151,PR-rCsB4y,dna
ACH-002316,PR-DXR2Qg,dna
ACH-000618,PR-5JIUJb,rna
ACH-000618,PR-poHcHD,dna
ACH-002151,PR-IDcomg,dna
ACH-000380,PR-dHuyK6,rna
ACH-000380,PR-VfXZwU,dna
ACH-000443,PR-CNjF7V,rna
ACH-000443,PR-B7qAWp,dna
ACH-000501,PR-FrTsTb,rna
ACH-000501,PR-qqdlfv,dna
ACH-000674,PR-8TtCLZ,rna
ACH-000674,PR-6SYPcz,dna
ACH-002002,PR-3AAPDM,rna
ACH-002002,PR-hclMO0,dna
ACH-000496,PR-egPx75,rna
ACH-000496,PR-1TN3aP,dna
ACH-000811,PR-dn3OOX,rna
ACH-000811,PR-Mrn0df,dna
ACH-000849,PR-WRsCFG,rna
ACH-000849,PR-p32XuQ,dna
ACH-000179,PR-rRpKv7,rna
ACH-000179,PR-w9vaqz,dna
ACH-002011,PR-DMRFet,rna
ACH-002011,PR-JOlhYh,dna
ACH-001354,PR-hOYnpE,rna
ACH-001354,PR-lkcttP,dna
ACH-000141,PR-Hdt4Xh,rna
ACH-000141,PR-6AvZgM,dna
ACH-002445,PR-R1jC76,dna
ACH-002124,PR-U81Lgm,dna
ACH-000212,PR-3yfy2J,rna
ACH-000212,PR-a2Kg84,dna
ACH-002653,PR-Kx2ZeO,rna
ACH-002653,PR-Dv7zCN,dna
ACH-000894,PR-Rzimzl,rna
ACH-000894,PR-VuD5rl,dna
ACH-000918,PR-R9vkx1,rna
ACH-000918,PR-doNNha,dna
ACH-001277,PR-yg9vCe,rna
ACH-001277,PR-kPl0Je,dna
ACH-000402,PR-aiDTwa,rna
ACH-000402,PR-uKiczK,dna
ACH-003470,PR-Br8W2t,rna
ACH-003470,PR-5n4TMD,dna
ACH-002201,PR-loIhBM,dna
ACH-001054,PR-QwGwjX,rna
ACH-001054,PR-l2porG,dna
ACH-002349,PR-HEJeS7,dna
ACH-003100,PR-Th4bF7,rna
ACH-003100,PR-IW3DXn,dna
ACH-000838,PR-COMOCq,rna
ACH-000838,PR-HRA6lV,dna
ACH-002254,PR-0l1GM0,dna
ACH-002170,PR-o9pyWs,rna
ACH-002170,PR-tQFHsq,dna
ACH-000301,PR-dfTNsL,rna
ACH-000301,PR-qoc7KB,dna
ACH-000052,PR-AsIpQ0,rna
ACH-000052,PR-XZ0NkH,dna
ACH-000186,PR-IQFAyH,rna
ACH-000186,PR-hwbxfR,dna
ACH-001064,PR-q2SMd8,rna
ACH-001064,PR-QjtQz3,dna
ACH-000697,PR-M1wKxf,rna
ACH-000697,PR-ODzNZa,dna
ACH-000298,PR-jY2rQ7,rna
ACH-000298,PR-6MK3Tx,dna
ACH-000977,PR-KQ9B2h,rna
ACH-000977,PR-MFYhaf,dna
ACH-000526,PR-MCEQt7,rna
ACH-001541,PR-skeXpP,rna
ACH-001541,PR-EDZlOB,dna
ACH-000729,PR-b4X253,rna
ACH-000729,PR-9B3rkC,dna
ACH-002446,PR-db4XQ1,rna
ACH-002446,PR-H1MJSv,dna
ACH-002800,PR-GCzFCg,rna
ACH-002800,PR-Gjnn57,dna
ACH-001039,PR-HrvPOg,dna
ACH-001676,PR-7WsXyl,rna
ACH-001676,PR-W6TbGf,dna
ACH-002013,PR-6sQtx5,rna
ACH-002013,PR-mML1gU,dna
ACH-002346,PR-V4DbaQ,dna
ACH-001278,PR-KdzdLk,rna
ACH-001278,PR-1TpRzd,dna
ACH-000031,PR-kae4Ed,rna
ACH-000031,PR-vaaJsg,dna
ACH-002129,PR-9NqR7V,dna
ACH-002689,PR-gRFGWY,rna
ACH-002689,PR-vhCGJp,dna
ACH-002834,PR-RQpWc6,rna
ACH-002834,PR-JA68S6,dna
ACH-002350,PR-JToJzQ,dna
ACH-003108,PR-yqzRgs,rna
ACH-003108,PR-f3Q8vc,dna
ACH-002389,PR-NMyopl,dna
ACH-000407,PR-KeLeDP,rna
ACH-000407,PR-4EPjPy,dna
ACH-003119,PR-qlLu1I,rna
ACH-003119,PR-vgMZdF,dna
ACH-000479,PR-ND6vCk,rna
ACH-000479,PR-tobJgm,dna
ACH-000671,PR-DTiiT4,rna
ACH-000671,PR-oFRLBK,dna
ACH-000387,PR-6NiRv5,rna
ACH-000387,PR-OXY6i8,dna
ACH-000267,PR-krQKxB,rna
ACH-000267,PR-KYx8aG,dna
ACH-000559,PR-6GNlMN,rna
ACH-000559,PR-pQYCmp,dna
ACH-000481,PR-oxG0N4,rna
ACH-000481,PR-R8t2N2,dna
ACH-001993,PR-oy2nGQ,rna
ACH-001993,PR-Yjy61f,dna
ACH-000206,PR-by8s63,rna
ACH-000206,PR-kmc4Ev,dna
ACH-001440,PR-O9WZM4,rna
ACH-001440,PR-Mz1e3q,dna
ACH-003106,PR-jDSHjO,rna
ACH-003106,PR-Y4M65x,dna
ACH-000884,PR-IZideS,rna
ACH-000884,PR-70d3re,dna
ACH-000193,PR-ZAEIch,rna
ACH-000193,PR-ZoU1XK,dna
ACH-003455,PR-cISu2c,rna
ACH-003455,PR-67RLdg,dna
ACH-000621,PR-IyMe0n,rna
ACH-000621,PR-xTlIdk,dna
ACH-001057,PR-OUll2l,rna
ACH-001057,PR-sX8XAW,dna
ACH-003156,PR-CPi0aO,rna
ACH-001422,PR-opAztY,rna
ACH-001422,PR-Mupa85,dna
ACH-000248,PR-LTYzDI,rna
ACH-000248,PR-7wfZWS,dna
ACH-000610,PR-Wy4KP0,rna
ACH-000610,PR-ECBoGq,dna
ACH-002937,PR-lwPo0S,rna
ACH-002937,PR-q5rdqp,dna
ACH-000847,PR-KAmnin,rna
ACH-000847,PR-Fad1YD,dna
ACH-000438,PR-UHauzg,rna
ACH-000438,PR-9NBf5C,dna
ACH-000131,PR-q52RyG,rna
ACH-000131,PR-CiXXaA,dna
ACH-000116,PR-GxfIvz,rna
ACH-000116,PR-EjK0zK,dna
ACH-000804,PR-6rFlzp,rna
ACH-000804,PR-Yr8PjQ,dna
ACH-000411,PR-0hvX2B,rna
ACH-000411,PR-xzgAl0,dna
ACH-002925,PR-NutTgt,rna
ACH-002925,PR-dUc5lh,dna
ACH-001374,PR-CXgB39,rna
ACH-001374,PR-RPURmp,dna
ACH-000758,PR-WF1VR0,rna
ACH-000758,PR-JZDjEe,dna
ACH-002197,PR-nMG9sD,dna
ACH-000725,PR-qdfr4v,rna
ACH-000725,PR-2AxAKM,dna
ACH-000083,PR-YkCbAa,rna
ACH-000083,PR-QnZ5wx,dna
ACH-000090,PR-GVYUEQ,rna
ACH-000090,PR-cO6ZzX,dna
ACH-002648,PR-f3tLbT,rna
ACH-002648,PR-XxnYbe,dna
ACH-002143,PR-VLl1A3,dna
ACH-000519,PR-5zjzIV,rna
ACH-000519,PR-pTi2a3,dna
ACH-001988,PR-XDv687,rna
ACH-001988,PR-C79Gem,dna
ACH-001061,PR-Yj8c1P,rna
ACH-001061,PR-v728kC,dna
ACH-000349,PR-KhMQv7,rna
ACH-000349,PR-vhQ7Yl,dna
ACH-001430,PR-BXcm6p,rna
ACH-001430,PR-oOIkJ2,dna
ACH-001737,PR-43bz8T,rna
ACH-001737,PR-Oa5yYx,dna
ACH-002662,PR-GAh7JK,rna
ACH-002662,PR-5McWUB,dna
ACH-001028,PR-TWEctl,rna
ACH-001028,PR-cFjmC3,dna
ACH-000165,PR-IFztgM,rna
ACH-000165,PR-v6GkOV,dna
ACH-001138,PR-nRs8Pi,dna
ACH-000185,PR-ZaUICr,rna
ACH-001416,PR-D1mVVv,rna
ACH-001416,PR-fK9BDe,dna
ACH-000310,PR-nLF0wP,rna
ACH-000310,PR-ZzjQOA,dna
ACH-000237,PR-eIoI0L,rna
ACH-000237,PR-08baLC,dna
ACH-002438,PR-pGHJuj,rna
ACH-002438,PR-Jt5ZBG,dna
ACH-001100,PR-frZBxr,rna
ACH-001100,PR-2UB6KF,dna
ACH-000543,PR-AXgO9d,rna
ACH-000543,PR-4ceSCX,dna
ACH-000709,PR-VyJ2hP,rna
ACH-000709,PR-Y2Q9WR,dna
ACH-002206,PR-20INxP,dna
ACH-003459,PR-JDjdzO,rna
ACH-003459,PR-Zi3tBO,dna
ACH-000796,PR-lbGO9F,rna
ACH-000796,PR-zyM15A,dna
ACH-002380,PR-kFAA0q,dna
ACH-002202,PR-LYqPJx,dna
ACH-000581,PR-YIgOUP,rna
ACH-000581,PR-ijAF5c,dna
ACH-000910,PR-hjIWZF,rna
ACH-000910,PR-lujyGD,dna
ACH-003099,PR-z364eN,rna
ACH-003099,PR-ISgnyI,dna
ACH-001854,PR-F68AYZ,rna
ACH-001854,PR-EHnH3Z,dna
ACH-000622,PR-vlNETp,rna
ACH-000622,PR-F4kHPf,dna
ACH-000216,PR-0KetCf,rna
ACH-000216,PR-57besX,dna
ACH-000841,PR-baeuRn,rna
ACH-000841,PR-CmCc4i,dna
ACH-000077,PR-wNql0Y,rna
ACH-000077,PR-0H05VY,dna
ACH-001414,PR-924Yuh,rna
ACH-001414,PR-SWVq60,dna
ACH-000978,PR-8Hxi0Y,rna
ACH-000978,PR-IPei1i,dna
ACH-001532,PR-NyGOKy,rna
ACH-001532,PR-86Rnag,dna
ACH-000518,PR-lZHMTT,rna
ACH-000518,PR-TzMb0x,dna
ACH-000367,PR-9MFvRo,rna
ACH-000367,PR-4SIGBu,dna
ACH-001066,PR-2eSD2x,dna
ACH-000086,PR-Lq6HP8,rna
ACH-000086,PR-EqdpB5,dna
ACH-002108,PR-jp8FU0,dna
ACH-000807,PR-b0b93G,rna
ACH-000807,PR-jhR7Fa,dna
ACH-002302,PR-gNQqcU,dna
ACH-000881,PR-5edXPt,rna
ACH-000881,PR-o1Zpln,dna
ACH-000024,PR-3uXkJd,rna
ACH-000024,PR-PlVtvW,dna
ACH-000926,PR-i6syiS,rna
ACH-000926,PR-pcc7Wp,dna
ACH-002245,PR-v3s6l2,dna
ACH-002376,PR-CgIjIP,dna
ACH-000110,PR-XVEy74,rna
ACH-000110,PR-pHYEPj,dna
ACH-000749,PR-vg1ww6,rna
ACH-000749,PR-GK9z3H,dna
ACH-001559,PR-MqGXlV,rna
ACH-001559,PR-ymF7Fs,dna
ACH-002270,PR-BbwK1U,dna
ACH-000820,PR-kehIph,rna
ACH-000820,PR-QIV3db,dna
ACH-000423,PR-v3Os2O,rna
ACH-000423,PR-cI75AX,dna
ACH-001750,PR-tqXYYO,rna
ACH-001750,PR-G46D6E,dna
ACH-000282,PR-cSIQxK,rna
ACH-001982,PR-blpl7p,rna
ACH-001982,PR-7LkeqG,dna
ACH-001578,PR-MECfqO,rna
ACH-001578,PR-GI0vZ5,dna
ACH-002018,PR-ypHY9W,rna
ACH-002018,PR-uN6QIJ,dna
ACH-002262,PR-Yybm32,dna
ACH-000238,PR-rhV7Hn,rna
ACH-000238,PR-ez1rNy,dna
ACH-001492,PR-I70CUq,rna
ACH-001492,PR-qJdgaX,dna
ACH-000461,PR-7WaDe1,rna
ACH-000461,PR-6cgjNw,dna
ACH-000558,PR-pMPXff,rna
ACH-000558,PR-12SQGk,dna
ACH-002681,PR-uWaZFr,rna
ACH-002681,PR-UTZoJl,dna
ACH-000469,PR-LzVlId,rna
ACH-000469,PR-XqU6xJ,dna
ACH-003136,PR-ATfy3k,rna
ACH-002230,PR-0sb1bx,dna
ACH-002121,PR-0XQ6oe,dna
ACH-001651,PR-Cpjxyw,rna
ACH-001651,PR-EHVOVz,dna
ACH-001363,PR-K8jbg4,dna
ACH-001409,PR-0CHfFI,rna
ACH-001409,PR-C8mUzj,dna
ACH-000471,PR-zuUaCY,rna
ACH-000471,PR-O604SG,dna
ACH-000843,PR-p1iycB,rna
ACH-000843,PR-GmX4vm,dna
ACH-000968,PR-a0n7Th,rna
ACH-000968,PR-z6pIpO,dna
ACH-001096,PR-Z0WoJP,rna
ACH-001096,PR-bVxUlh,dna
ACH-000048,PR-z7HLNq,rna
ACH-000048,PR-KYeoP9,dna
ACH-000385,PR-ZL3HS1,rna
ACH-000385,PR-mURINF,dna
ACH-002135,PR-TQcwbW,dna
ACH-000148,PR-O8xhef,rna
ACH-000148,PR-h1jXJL,dna
ACH-003456,PR-R0u1U0,rna
ACH-003456,PR-q6ZR6Z,dna
ACH-002187,PR-P8Mmg9,dna
ACH-000904,PR-wPMVT8,rna
ACH-000599,PR-UdA6Kp,rna
ACH-000599,PR-vE6f3B,dna
ACH-002205,PR-KcHKzT,dna
ACH-002177,PR-R159B7,dna
ACH-000268,PR-KMtCQx,rna
ACH-000268,PR-iAFHQp,dna
ACH-000703,PR-oBJC9j,rna
ACH-000703,PR-gEc0bf,dna
ACH-003133,PR-Ie6hic,rna
ACH-002369,PR-SK0W61,dna
ACH-001493,PR-5TkdPd,rna
ACH-001493,PR-Nc2NbR,dna
ACH-002716,PR-BIk5Bx,rna
ACH-002716,PR-FNo80s,dna
ACH-000936,PR-Q9uNdS,rna
ACH-000936,PR-8octmu,dna
ACH-001396,PR-pNnoO8,rna
ACH-001396,PR-vP9GO6,dna
ACH-001192,PR-V4rEyG,rna
ACH-001192,PR-npwIay,dna
ACH-002467,PR-juxHEd,rna
ACH-002467,PR-sofYL7,dna
ACH-002044,PR-SkPYR5,rna
ACH-002044,PR-BlwAzJ,dna
ACH-002153,PR-aEbAHG,dna
ACH-003149,PR-L72CrI,rna
ACH-000786,PR-Ajq7QR,rna
ACH-000786,PR-vYutiJ,dna
ACH-001441,PR-eJ7KAg,rna
ACH-001441,PR-bLDw8z,dna
ACH-000892,PR-i3ekbD,rna
ACH-000892,PR-KYxq2O,dna
ACH-000800,PR-gckfgt,rna
ACH-000800,PR-tP3e6v,dna
ACH-000593,PR-fdFrgX,rna
ACH-000593,PR-wKsgIY,dna
ACH-001137,PR-fUygzs,dna
ACH-000361,PR-ny3Y0P,rna
ACH-000361,PR-wTKq7j,dna
ACH-000191,PR-IjyaXv,rna
ACH-000191,PR-QQ2dSy,dna
ACH-003437,PR-F4kvO5,rna
ACH-003437,PR-T5WTrk,dna
ACH-001024,PR-FzRGD4,dna
ACH-001745,PR-BaaI2U,rna
ACH-001745,PR-iTqaF5,dna
ACH-001796,PR-XXSMbl,rna
ACH-001796,PR-yZwrBZ,dna
ACH-000155,PR-IYwmYC,rna
ACH-000155,PR-75rvpO,dna
ACH-001857,PR-4BC6Pj,rna
ACH-001857,PR-TDMY1U,dna
ACH-000702,PR-dOGWG9,rna
ACH-000702,PR-74xMiY,dna
ACH-000513,PR-wo8I5z,rna
ACH-000513,PR-8EgLQ4,dna
ACH-002248,PR-XWNNMT,dna
ACH-002366,PR-KPFNpX,dna
ACH-002405,PR-N6ampE,rna
ACH-002405,PR-NjOMXr,dna
ACH-001367,PR-fc5apw,rna
ACH-001367,PR-PXfH6L,dna
ACH-000015,PR-NFoaZH,rna
ACH-000015,PR-l6NjDm,dna
ACH-000701,PR-RbKD1j,rna
ACH-000701,PR-0p3nvU,dna
ACH-001561,PR-q1pplf,rna
ACH-001561,PR-GABcbo,dna
ACH-000920,PR-x48Tva,rna
ACH-000920,PR-rhk7fT,dna
ACH-001442,PR-sI2lKl,rna
ACH-001442,PR-h8BzuB,dna
ACH-001648,PR-xOQnA3,rna
ACH-001648,PR-vnMZQb,dna
ACH-000034,PR-Vqo315,rna
ACH-002501,PR-rhltG7,rna
ACH-002501,PR-UAyqFG,dna
ACH-000075,PR-j5qZgy,rna
ACH-000075,PR-LWnUTV,dna
ACH-000242,PR-i9DRP1,rna
ACH-000242,PR-HCETwH,dna
ACH-002182,PR-wUsoa9,dna
ACH-001598,PR-PtnJhy,rna
ACH-001598,PR-R2MMJk,dna
ACH-001549,PR-ZCyTyS,rna
ACH-001549,PR-ObcI54,dna
ACH-002257,PR-Tek4yt,dna
ACH-001999,PR-9XFAK6,rna
ACH-001999,PR-fuJcby,dna
ACH-000537,PR-KjmX3f,rna
ACH-000537,PR-xQBHhh,dna
ACH-002204,PR-cqwJOU,dna
ACH-000561,PR-jsJhgm,rna
ACH-000561,PR-uFu7TD,dna
ACH-001705,PR-S7fGSK,rna
ACH-001705,PR-vZyZVM,dna
ACH-002243,PR-r7FfpC,dna
ACH-000583,PR-HLYtov,rna
ACH-000583,PR-hfq8Sa,dna
ACH-001647,PR-PQCYYM,rna
ACH-001647,PR-WKTDpU,dna
ACH-000104,PR-kFkV6M,rna
ACH-000104,PR-mqIBwn,dna
ACH-000312,PR-lh4UtC,rna
ACH-000312,PR-uC3q5l,dna
ACH-000727,PR-au8O9i,dna
ACH-000121,PR-uhDFo2,rna
ACH-000121,PR-WdRLig,dna
ACH-001383,PR-0o6ywu,dna
ACH-000783,PR-VsuSKA,rna
ACH-000783,PR-mvKyWh,dna
ACH-000416,PR-AexEWR,rna
ACH-000416,PR-zMVPxL,dna
ACH-000044,PR-UjJ531,rna
ACH-000044,PR-jd9GX1,dna
ACH-000714,PR-M1HSA6,rna
ACH-000714,PR-qCkqEL,dna
ACH-000252,PR-Y5v891,rna
ACH-000252,PR-77Wvzz,dna
ACH-000082,PR-erKBiR,rna
ACH-000082,PR-1Ju43a,dna
ACH-000468,PR-qf7nCW,rna
ACH-000468,PR-FNigiY,dna
ACH-000956,PR-6Z0exD,rna
ACH-000956,PR-CYz5sB,dna
ACH-002171,PR-jSG90W,dna
ACH-002313,PR-xnmF4E,dna
ACH-001548,PR-4PTNLB,rna
ACH-001548,PR-Nnk8dZ,dna
ACH-002928,PR-7LeZC9,rna
ACH-002928,PR-9PK8tK,dna
ACH-000403,PR-1WZfVC,rna
ACH-000403,PR-OqdVQy,dna
ACH-002042,PR-tZb7wy,rna
ACH-002042,PR-0sYHco,dna
ACH-000008,PR-bKcagB,rna
ACH-000008,PR-5uZoTw,dna
ACH-002458,PR-Pbv5XQ,rna
ACH-002458,PR-YtERYF,dna
ACH-002664,PR-VvSZhC,rna
ACH-002664,PR-b3YKAJ,dna
ACH-002306,PR-jVSw8t,dna
ACH-000049,PR-IHVTqn,rna
ACH-000491,PR-fzrmuo,rna
ACH-000491,PR-DRBE6q,dna
ACH-000171,PR-7InfbV,rna
ACH-000171,PR-ceGqfw,dna
ACH-002033,PR-dXbTnq,rna
ACH-002033,PR-BSfH86,dna
ACH-000784,PR-WqzRms,rna
ACH-000784,PR-5NFOUr,dna
ACH-000712,PR-wQ50pI,rna
ACH-000712,PR-uNZMrD,dna
ACH-000603,PR-m1IHlG,rna
ACH-000603,PR-EAWErG,dna
ACH-002510,PR-xrykC7,rna
ACH-002510,PR-rKEOie,dna
ACH-002019,PR-MbeEO0,rna
ACH-002019,PR-p0FcrJ,dna
ACH-000201,PR-tjmA5S,rna
ACH-000201,PR-da9eNd,dna
ACH-002141,PR-1ip1tY,dna
ACH-001049,PR-7eCkVg,dna
ACH-000747,PR-kCzPyo,rna
ACH-000747,PR-BhaMSr,dna
ACH-000940,PR-30x3GH,rna
ACH-000940,PR-hWzCnF,dna
ACH-002101,PR-7B1C9M,dna
ACH-001032,PR-NZKUk9,rna
ACH-001032,PR-WH8Zs5,dna
ACH-000243,PR-skQOuk,rna
ACH-000243,PR-VknXZz,dna
ACH-000249,PR-XCK2Mq,rna
ACH-000249,PR-gCW6Ej,dna
ACH-002274,PR-a87IXe,dna
ACH-000916,PR-OqFtv2,rna
ACH-000916,PR-WRtyNt,dna
ACH-000170,PR-SVHt1H,rna
ACH-000888,PR-PyjGv6,rna
ACH-000888,PR-YXlKWL,dna
ACH-001497,PR-nNtbWk,rna
ACH-001497,PR-dnLHT0,dna
ACH-002111,PR-y3wle9,dna
ACH-001958,PR-T80Hyf,dna
ACH-000060,PR-vsarxl,rna
ACH-000060,PR-d145Wa,dna
ACH-000028,PR-BOrAAN,rna
ACH-000028,PR-lWcPsZ,dna
ACH-000359,PR-2WXnzi,rna
ACH-000359,PR-Vts9ic,dna
ACH-002160,PR-jd06v8,dna
ACH-002214,PR-NDx4El,rna
ACH-002214,PR-i2pVuB,dna
ACH-000007,PR-nqKqcK,rna
ACH-000007,PR-xDiVzH,dna
ACH-000858,PR-BXwklV,rna
ACH-000858,PR-28WsnQ,dna
ACH-000482,PR-1vrwZu,rna
ACH-000482,PR-QHtzJK,dna
ACH-001399,PR-OsYjts,rna
ACH-001399,PR-HLZsmV,dna
ACH-001692,PR-nsDdAW,rna
ACH-001692,PR-iCR9h9,dna
ACH-000810,PR-aIfhoc,rna
ACH-000810,PR-TnhbP6,dna
ACH-000550,PR-wX09Mz,rna
ACH-000550,PR-IOjfDI,dna
ACH-000775,PR-UdaMAH,rna
ACH-000775,PR-xpRCE9,dna
ACH-001521,PR-k7cPvp,rna
ACH-001521,PR-dU5OV4,dna
ACH-000766,PR-9OHbnp,rna
ACH-000766,PR-Q0HrBx,dna
ACH-001358,PR-T6ueCA,dna
ACH-000819,PR-6awX5n,rna
ACH-000819,PR-1KE6K3,dna
ACH-000552,PR-YQSFEe,rna
ACH-000552,PR-97KrpJ,dna
ACH-000222,PR-oObPhP,rna
ACH-000222,PR-iBn7Bk,dna
ACH-000070,PR-7yrrgO,rna
ACH-000070,PR-g96FHP,dna
ACH-000266,PR-qbkxrw,rna
ACH-000266,PR-OIULtg,dna
ACH-000300,PR-sioNsq,rna
ACH-002304,PR-BiUc1B,dna
ACH-000259,PR-WowcCo,rna
ACH-000259,PR-pIrp51,dna
ACH-001016,PR-HKt6Wk,rna
ACH-001016,PR-gEo6Dy,dna
ACH-000113,PR-jYi9Pb,rna
ACH-000113,PR-x05CZT,dna
ACH-003155,PR-45kxaJ,rna
ACH-000097,PR-jkJgrz,rna
ACH-000097,PR-hJcExB,dna
ACH-000831,PR-xdkdIX,rna
ACH-000831,PR-rzmIld,dna
ACH-002093,PR-StXnXE,dna
ACH-002029,PR-XEZhmI,rna
ACH-002029,PR-dLGfN8,dna
ACH-002118,PR-9V0s4B,dna
ACH-000602,PR-KChA0v,rna
ACH-000602,PR-j4aaE8,dna
ACH-001520,PR-i3qf08,rna
ACH-001520,PR-IJVmy8,dna
ACH-000672,PR-R54DZ3,rna
ACH-000672,PR-a0i72B,dna
ACH-001813,PR-oJjQIy,rna
ACH-001813,PR-qxp9RO,dna
ACH-000346,PR-8crwgT,rna
ACH-000346,PR-mFjyo0,dna
ACH-002066,PR-0dHyNy,rna
ACH-002066,PR-ewjXei,dna
ACH-001985,PR-ZKlD9E,rna
ACH-001985,PR-Fm2w0A,dna
ACH-000979,PR-eac8D6,rna
ACH-000979,PR-FSCKC9,dna
ACH-000743,PR-dGKuD9,rna
ACH-000743,PR-AL364w,dna
ACH-000368,PR-nSA4F7,rna
ACH-000368,PR-bKVUeM,dna
ACH-000715,PR-tTpTry,rna
ACH-000715,PR-0DEQ8n,dna
ACH-000480,PR-f4mRi7,rna
ACH-000480,PR-4oRDiG,dna
ACH-000659,PR-9anLVr,rna
ACH-000659,PR-g2OgAz,dna
ACH-000108,PR-MCmgOj,rna
ACH-000108,PR-eOgBGd,dna
ACH-001495,PR-dhSMt0,rna
ACH-001495,PR-N61LpQ,dna
ACH-000382,PR-Axh1Q4,rna
ACH-000382,PR-98A3fe,dna
ACH-000064,PR-BSHttf,rna
ACH-000106,PR-rNKPa1,rna
ACH-000106,PR-XcC2fL,dna
ACH-002096,PR-ZMmdCl,dna
ACH-000509,PR-VzrTwf,rna
ACH-000509,PR-UPrj3r,dna
ACH-000589,PR-wV5Pb5,rna
ACH-000589,PR-1JTXkC,dna
ACH-001989,PR-EDFK3j,rna
ACH-001989,PR-vhjVKS,dna
ACH-000303,PR-FCTHEg,rna
ACH-000303,PR-jcuIuZ,dna
ACH-002344,PR-FFGmUw,dna
ACH-000463,PR-rGE9SL,rna
ACH-000463,PR-0lYTUJ,dna
ACH-002188,PR-QCCkpK,dna
ACH-002268,PR-yBALA0,dna
ACH-000986,PR-NJaJsp,rna
ACH-000986,PR-1Dpd7i,dna
ACH-003111,PR-mMvxxC,rna
ACH-003111,PR-SM1VOk,dna
ACH-001617,PR-4QSpSI,rna
ACH-001617,PR-llr0IA,dna
ACH-002373,PR-GHS53C,dna
ACH-002665,PR-qwdrpb,rna
ACH-002665,PR-7mhpAP,dna
ACH-002259,PR-72oXyh,dna
ACH-001454,PR-PrSqYV,rna
ACH-001454,PR-KvICaQ,dna
ACH-002035,PR-ij9AKv,rna
ACH-002035,PR-mdehro,dna
ACH-000370,PR-gmfVYW,rna
ACH-000370,PR-WWRXPx,dna
ACH-000527,PR-jYuKAf,rna
ACH-000527,PR-UC7qTj,dna
ACH-001540,PR-oIMkeK,rna
ACH-001540,PR-f1OPax,dna
ACH-001362,PR-TF1Z3V,dna
ACH-003458,PR-nlIBua,rna
ACH-003458,PR-MKqv4R,dna
ACH-000548,PR-XRA2dE,rna
ACH-000548,PR-exCH50,dna
ACH-000017,PR-MQZDB2,rna
ACH-000017,PR-miPDjx,dna
ACH-002339,PR-JQtN4F,dna
ACH-002149,PR-8pIIv9,dna
ACH-000109,PR-fPu3e3,rna
ACH-000109,PR-cQo9SA,dna
ACH-002294,PR-BsTUFT,dna
ACH-001031,PR-725KuH,rna
ACH-001031,PR-a9NsUm,dna
ACH-000042,PR-st3M6s,rna
ACH-000042,PR-zPqDkT,dna
ACH-001211,PR-u4x8S7,rna
ACH-001211,PR-sHNnEP,dna
ACH-002297,PR-sieTS5,dna
ACH-000891,PR-xD8RBp,rna
ACH-000891,PR-D8dZbb,dna
ACH-000336,PR-get6Pc,rna
ACH-000336,PR-iR9IHK,dna
ACH-002289,PR-rXTNbR,dna
ACH-000334,PR-mousml,rna
ACH-000334,PR-yEZYvr,dna
ACH-000437,PR-K0RrWv,rna
ACH-000437,PR-OQ1hW5,dna
ACH-001036,PR-zboqsy,rna
ACH-001036,PR-gtpkTx,dna
ACH-000730,PR-q3qYD2,rna
ACH-000730,PR-0EypNA,dna
ACH-000797,PR-MRHlrs,rna
ACH-000797,PR-PHQxAp,dna
ACH-000611,PR-2OGFOX,rna
ACH-000611,PR-bPOZxz,dna
ACH-000698,PR-ValKlT,rna
ACH-000698,PR-PGHA4A,dna
ACH-002249,PR-2n9k8d,dna
ACH-002528,PR-TeN2Rh,rna
ACH-002528,PR-kxQdo2,dna
ACH-001394,PR-w3FZzN,rna
ACH-001394,PR-ql2TEI,dna
ACH-000994,PR-RQWQI9,rna
ACH-000994,PR-rUMa0e,dna
ACH-000204,PR-tcVISB,rna
ACH-000204,PR-YBkTES,dna
ACH-000035,PR-3xbT2W,rna
ACH-000035,PR-JSUJXv,dna
ACH-002377,PR-Q919N6,dna
ACH-000498,PR-AjiZTn,rna
ACH-000498,PR-3MR99B,dna
ACH-002444,PR-eqqLfG,dna
ACH-002539,PR-fNbnJr,rna
ACH-002539,PR-tRVGiP,dna
ACH-001307,PR-yY41qu,rna
ACH-001307,PR-ujr7KK,dna
ACH-002065,PR-SOyn4Z,rna
ACH-002065,PR-E8ir6x,dna
ACH-002145,PR-XqSAmr,dna
ACH-000740,PR-eueQIk,rna
ACH-000740,PR-Mm8GjQ,dna
ACH-000236,PR-1wr0dD,rna
ACH-000236,PR-kERVrz,dna
ACH-000832,PR-IXiGZw,rna
ACH-000832,PR-bv1kx8,dna
ACH-001421,PR-d1qNHX,rna
ACH-001421,PR-3HObZr,dna
ACH-003161,PR-lEh8P5,rna
ACH-000009,PR-IyA8yG,rna
ACH-000009,PR-lz47pG,dna
ACH-001675,PR-P9a7Du,dna
ACH-002223,PR-NSdezC,dna
ACH-002705,PR-zbpfSt,rna
ACH-002705,PR-hqvIZ0,dna
ACH-002207,PR-Pu3UZo,dna
ACH-002097,PR-lt2zJJ,dna
ACH-000692,PR-wHsQNb,rna
ACH-000692,PR-ktQIpp,dna
ACH-000018,PR-Rk7xZL,rna
ACH-000018,PR-Yx8AAk,dna
ACH-002922,PR-uCos1f,rna
ACH-002922,PR-ciP7m4,dna
ACH-000426,PR-DLWpGD,dna
ACH-000055,PR-5LAnFI,rna
ACH-000055,PR-E4UZXY,dna
ACH-001136,PR-PRMsmy,dna
ACH-001199,PR-bwSWv6,dna
ACH-001360,PR-dTuT9d,rna
ACH-001360,PR-97JLE2,dna
ACH-001196,PR-GbH3a5,rna
ACH-001196,PR-fRV9F5,dna
ACH-003158,PR-Qecp9n,rna
ACH-001569,PR-jI7d91,rna
ACH-001569,PR-LWqJ8q,dna
ACH-002372,PR-hluHxj,dna
ACH-001418,PR-8MkrYb,rna
ACH-001418,PR-ybBLMg,dna
ACH-000846,PR-JDHoPU,rna
ACH-000846,PR-gnBXqc,dna
ACH-002114,PR-gWKHTe,dna
ACH-000250,PR-0mCrkq,rna
ACH-000250,PR-vg2xl6,dna
ACH-001279,PR-KVjmae,rna
ACH-001279,PR-NEWHLd,dna
ACH-000251,PR-cCUuKZ,rna
ACH-000251,PR-xty2b8,dna
ACH-002799,PR-sMkFn1,rna
ACH-002799,PR-7zRmM9,dna
ACH-000335,PR-X2VF7Y,rna
ACH-000335,PR-2uDYZY,dna
ACH-001393,PR-EJgvop,rna
ACH-001393,PR-vlZEC9,dna
ACH-000478,PR-nnKvUV,rna
ACH-000478,PR-KfGlp0,dna
ACH-000178,PR-WpdiAK,rna
ACH-000178,PR-sMZ5rk,dna
ACH-000200,PR-KKo7wL,rna
ACH-000200,PR-JtY4aG,dna
ACH-001143,PR-Cm6atd,dna
ACH-000405,PR-MqdvhI,rna
ACH-000405,PR-8gZHSw,dna
ACH-002125,PR-o6FTh0,dna
ACH-000670,PR-7GK41c,rna
ACH-000670,PR-kJNOeS,dna
ACH-000490,PR-dbo1ZY,rna
ACH-000490,PR-iHY2zH,dna
ACH-001818,PR-wALKMR,rna
ACH-001818,PR-0kBhJF,dna
ACH-001616,PR-ap8RKC,rna
ACH-001616,PR-wCf7pr,dna
ACH-000476,PR-SdXt4A,rna
ACH-000476,PR-usYVu2,dna
ACH-000159,PR-J2Lhjz,rna
ACH-000159,PR-wXb2sj,dna
ACH-000347,PR-61lE8s,rna
ACH-000347,PR-uE8CeT,dna
ACH-001060,PR-9GGMGl,rna
ACH-001060,PR-bcH5U5,dna
ACH-002798,PR-XoAMzd,rna
ACH-002798,PR-ty3Lml,dna
ACH-001740,PR-G6BwzB,rna
ACH-001740,PR-SvOJGW,dna
ACH-000933,PR-RMd59q,rna
ACH-000933,PR-hhpPii,dna
ACH-000668,PR-jYUa5D,rna
ACH-000668,PR-3DOFqn,dna
ACH-002131,PR-ELdKN5,dna
ACH-000406,PR-MIpl80,rna
ACH-000406,PR-CWsu0l,dna
ACH-000229,PR-bE42Qu,rna
ACH-000963,PR-RIIwZh,rna
ACH-000963,PR-FoI5mV,dna
ACH-001145,PR-T4ZW3M,rna
ACH-001145,PR-ntPyxk,dna
ACH-000545,PR-9qFLxb,rna
ACH-000545,PR-Aedghf,dna
ACH-002104,PR-KAyk1e,dna
ACH-000487,PR-MSeqXm,rna
ACH-000487,PR-aprFtM,dna
ACH-000946,PR-5zf8Ee,rna
ACH-000946,PR-ig2DWN,dna
ACH-001611,PR-9M3IjC,rna
ACH-001611,PR-M2cfgE,dna
ACH-000142,PR-xkLrBf,rna
ACH-000142,PR-7nlItI,dna
ACH-001227,PR-2g1LPy,rna
ACH-001227,PR-ntlhBz,dna
ACH-000951,PR-I5YGjU,rna
ACH-000951,PR-3aWe62,dna
ACH-000585,PR-8yAIet,rna
ACH-000585,PR-WT0UBI,dna
ACH-002375,PR-C99sfc,dna
ACH-000140,PR-81aBxE,rna
ACH-000140,PR-9PwT0i,dna
ACH-001977,PR-PdACxk,rna
ACH-001977,PR-sTH0JD,dna
ACH-000635,PR-5nV5Qo,rna
ACH-000635,PR-SngPym,dna
ACH-001643,PR-XbphNt,dna
ACH-000700,PR-uQ6qid,rna
ACH-000700,PR-oe5b6J,dna
ACH-000223,PR-p4mQwe,rna
ACH-000223,PR-PTYIRW,dna
ACH-002299,PR-idqkoH,dna
ACH-000969,PR-kjZ5VU,rna
ACH-000969,PR-IDmG5E,dna
ACH-001038,PR-Kx27qA,rna
ACH-001038,PR-EFHSQ0,dna
ACH-002688,PR-wSLDBm,rna
ACH-002688,PR-Ud6Gz1,dna
ACH-002512,PR-tphZGv,rna
ACH-002512,PR-UYg6uV,dna
ACH-002092,PR-uLhkBr,dna
ACH-001953,PR-DnAoRF,rna
ACH-001953,PR-11UHTI,dna
ACH-000436,PR-z6PAtP,rna
ACH-000436,PR-KsTFT1,dna
ACH-002215,PR-xWOcfP,rna
ACH-002215,PR-aX3Sfy,dna
ACH-001683,PR-56aAn6,rna
ACH-001683,PR-GSORSG,dna
ACH-001972,PR-anK1Wd,rna
ACH-001972,PR-yQKg9I,dna
ACH-001649,PR-n51AWc,rna
ACH-001649,PR-iU3I91,dna
ACH-000065,PR-96laNq,rna
ACH-000065,PR-SCRFDt,dna
ACH-000373,PR-vigXjr,rna
ACH-000373,PR-i3038K,dna
ACH-000180,PR-FWbgot,rna
ACH-000180,PR-HmmpcB,dna
ACH-002544,PR-I5Vo6X,rna
ACH-002544,PR-6Sb7kf,dna
ACH-000707,PR-GC84C9,rna
ACH-000707,PR-hy3gz2,dna
ACH-000454,PR-tuVQdk,rna
ACH-000454,PR-OPYJGD,dna
ACH-000688,PR-t41o2z,rna
ACH-000688,PR-fRKA53,dna
ACH-001413,PR-PYxY7R,rna
ACH-001413,PR-NhQdyh,dna
ACH-001664,PR-b2iStE,rna
ACH-001664,PR-aHHBb9,dna
ACH-002271,PR-sQS7tJ,dna
ACH-002250,PR-SwrmVl,dna
ACH-000353,PR-VNI9w4,rna
ACH-000353,PR-vGhKl3,dna
ACH-000103,PR-kpBxri,rna
ACH-000103,PR-L5V3oJ,dna
ACH-001632,PR-lkaPgh,rna
ACH-001632,PR-x8Nct7,dna
ACH-001975,PR-VWac8S,rna
ACH-001975,PR-KWpKHv,dna
ACH-002465,PR-kBIgYH,rna
ACH-002465,PR-l4NGGv,dna
ACH-000507,PR-DUT2Po,rna
ACH-000507,PR-MaDpLA,dna
ACH-000220,PR-ItDIbE,rna
ACH-000220,PR-7BCUXr,dna
ACH-000989,PR-r6su9X,rna
ACH-000989,PR-3clnyl,dna
ACH-001369,PR-PRcndq,rna
ACH-001369,PR-3vjLBF,dna
ACH-000125,PR-jsclGh,rna
ACH-000125,PR-WZHiO9,dna
ACH-000371,PR-0zqOQm,rna
ACH-000371,PR-CbuOaH,dna
ACH-001109,PR-K3ZapP,rna
ACH-000126,PR-wfZ79Z,rna
ACH-000126,PR-1AtrhT,dna
ACH-002386,PR-ObqFdr,dna
ACH-000161,PR-HrGr0E,rna
ACH-000161,PR-8xU5Cp,dna
ACH-002220,PR-axXePt,dna
ACH-000751,PR-60lGxp,rna
ACH-000751,PR-qapH05,dna
ACH-001613,PR-ZiYs08,rna
ACH-001613,PR-GOqi1p,dna
ACH-000145,PR-LDzg6K,rna
ACH-000145,PR-STBMsm,dna
ACH-002196,PR-WfmELG,dna
ACH-001029,PR-LDldeF,rna
ACH-001029,PR-YBrjCk,dna
ACH-000676,PR-RE8GAk,rna
ACH-000676,PR-WzbTYh,dna
ACH-002843,PR-cocw0W,rna
ACH-002843,PR-KJHVYR,dna
ACH-000724,PR-LNDOWN,rna
ACH-000724,PR-XnS0fU,dna
ACH-002530,PR-DYssDQ,dna
ACH-002785,PR-02XmLG,rna
ACH-002785,PR-sR52JX,dna
ACH-000750,PR-HEYOH9,rna
ACH-000750,PR-6U5hLz,dna
ACH-001067,PR-A7oGD7,rna
ACH-001067,PR-dDihG6,dna
ACH-000632,PR-e4829p,rna
ACH-000632,PR-FCs4QQ,dna
ACH-000149,PR-Fojb0w,rna
ACH-000149,PR-3qZd3C,dna
ACH-003107,PR-Ehys18,rna
ACH-003107,PR-RBSHwN,dna
ACH-002384,PR-hXuoiL,dna
ACH-000798,PR-A5CZZo,rna
ACH-000798,PR-mCAIMI,dna
ACH-001206,PR-LgiHjm,dna
ACH-002431,PR-MrMEv9,rna
ACH-002431,PR-XKO1VZ,dna
ACH-000264,PR-V7BvgM,rna
ACH-000264,PR-BqenKD,dna
ACH-000394,PR-6XMxeb,rna
ACH-000394,PR-E6SXDf,dna
ACH-001341,PR-KJ5osl,rna
ACH-001341,PR-F6k6d2,dna
ACH-001232,PR-9gV7NN,rna
ACH-001232,PR-A21r31,dna
ACH-000767,PR-1nMfGT,rna
ACH-000767,PR-oisawM,dna
ACH-001205,PR-1tFrLv,dna
ACH-001844,PR-6fVuaA,rna
ACH-001844,PR-LZkbaa,dna
ACH-002186,PR-M4505H,dna
ACH-002400,PR-1q68oG,dna
ACH-000738,PR-PHjsFe,rna
ACH-000738,PR-XDGHfi,dna
ACH-002272,PR-WU0LTt,dna
ACH-000205,PR-5UaoeC,rna
ACH-000205,PR-SoW4cJ,dna
ACH-000199,PR-avlBdo,rna
ACH-000199,PR-DrDDw1,dna
ACH-000183,PR-nOR146,rna
ACH-000183,PR-HPNL5a,dna
ACH-000311,PR-MYW888,rna
ACH-000311,PR-T2CZVa,dna
ACH-001625,PR-N9X5XM,rna
ACH-001625,PR-7lYHs6,dna
ACH-003469,PR-vu9xHL,rna
ACH-003469,PR-u6Hr13,dna
ACH-002478,PR-YgcfuA,rna
ACH-002478,PR-u33CrR,dna
ACH-001690,PR-HYhXuq,rna
ACH-001690,PR-lwhrTx,dna
ACH-001634,PR-WLkjMG,rna
ACH-001634,PR-ifMZ87,dna
ACH-000973,PR-2lppyq,rna
ACH-000973,PR-uY1Fyn,dna
ACH-000128,PR-XHdISL,rna
ACH-000128,PR-oqZkYM,dna
ACH-002216,PR-gOyGAM,dna
ACH-001333,PR-EGrnmr,rna
ACH-001333,PR-4gFIC1,dna
ACH-001707,PR-84JV3M,rna
ACH-001707,PR-G4nBwv,dna
ACH-002030,PR-TOatoO,dna
ACH-001846,PR-12qkb6,rna
ACH-001846,PR-DNRFgC,dna
ACH-000582,PR-BARITd,rna
ACH-000582,PR-IEUpIB,dna
ACH-003463,PR-xbYnX2,rna
ACH-003463,PR-GFGbFE,dna
ACH-000923,PR-RbBKs9,rna
ACH-002336,PR-zW4f56,dna
ACH-003265,PR-nOa7GE,rna
ACH-002675,PR-1g5Q2Y,rna
ACH-002675,PR-yQJScO,dna
ACH-002090,PR-5rHKiV,dna
ACH-000041,PR-BYY8lZ,rna
ACH-000041,PR-ebX2pq,dna
ACH-000705,PR-DPUwIm,rna
ACH-000705,PR-hHPd12,dna
ACH-000329,PR-MMxTz0,rna
ACH-000329,PR-8Br5s3,dna
ACH-001703,PR-2x5Bi2,rna
ACH-001703,PR-O3Pu68,dna
ACH-001560,PR-j62F0q,rna
ACH-001560,PR-iXXp7w,dna
ACH-002258,PR-gYTIm3,dna
ACH-001134,PR-LmLnU6,rna
ACH-001134,PR-lLEXIT,dna
ACH-001395,PR-W1Vu76,rna
ACH-001395,PR-KPBwzL,dna
ACH-002802,PR-iSLQwM,rna
ACH-002802,PR-LnJyrQ,dna
ACH-000996,PR-a5IfIZ,rna
ACH-000996,PR-RWQgdj,dna
ACH-002703,PR-nUfDWY,rna
ACH-002703,PR-djRQLO,dna
ACH-002241,PR-BWl30D,dna
ACH-001458,PR-zrOqCQ,rna
ACH-001458,PR-3rmupJ,dna
ACH-001976,PR-iclAhj,rna
ACH-001976,PR-ittzCo,dna
ACH-000352,PR-XyFflW,rna
ACH-000352,PR-V1Tfkf,dna
ACH-002844,PR-J4YjYX,rna
ACH-003177,PR-q6X21R,rna
ACH-003177,PR-mITze7,dna
ACH-002462,PR-AYkIzz,rna
ACH-002462,PR-GT62zV,dna
ACH-002466,PR-csI8AJ,rna
ACH-002466,PR-ftXSpi,dna
ACH-002077,PR-4wcLbC,rna
ACH-002077,PR-RFKHCv,dna
ACH-000343,PR-aGskAU,rna
ACH-000343,PR-NI2O1p,dna
ACH-002309,PR-FWG9sX,dna
ACH-000961,PR-piAFzi,rna
ACH-000961,PR-W63IgE,dna
ACH-001671,PR-APel2v,rna
ACH-001671,PR-JNsJI1,dna
ACH-000719,PR-fxiDpH,rna
ACH-000719,PR-3Yx3ba,dna
ACH-001672,PR-T4Weg8,rna
ACH-001672,PR-jlPc3h,dna
ACH-002288,PR-ru7QtA,dna
ACH-000991,PR-hInuPG,rna
ACH-000991,PR-ZU3ok7,dna
ACH-000505,PR-vm60tT,rna
ACH-000505,PR-y7DmB5,dna
ACH-003125,PR-perS6q,rna
ACH-003125,PR-G5CRjD,dna
ACH-001568,PR-MKUmzS,rna
ACH-001568,PR-cmDO3z,dna
ACH-002051,PR-siLZ8H,rna
ACH-002051,PR-N8AZT5,dna
ACH-002116,PR-LVlqzW,dna
ACH-000029,PR-pOBrMJ,rna
ACH-000029,PR-DFaGTI,dna
ACH-000667,PR-IWyF8Y,rna
ACH-000667,PR-3cEXAx,dna
ACH-000445,PR-wO5zCJ,rna
ACH-000445,PR-aqkjti,dna
ACH-002198,PR-RrNtSH,dna
ACH-000679,PR-1Tiri5,rna
ACH-000679,PR-bDxA3a,dna
ACH-002787,PR-wGqXtF,rna
ACH-002787,PR-lJ2Tej,dna
ACH-000275,PR-jQHK6a,rna
ACH-000275,PR-w8gCeg,dna
ACH-002226,PR-stCYi4,dna
ACH-001408,PR-D5dyBT,rna
ACH-001408,PR-ADAr4E,dna
ACH-000485,PR-9MoKlM,rna
ACH-000485,PR-L0Yely,dna
ACH-000620,PR-jVbHsl,rna
ACH-000620,PR-xcjpPu,dna
ACH-000379,PR-Ox31nD,rna
ACH-000379,PR-QCxK5E,dna
ACH-002419,PR-dDebif,rna
ACH-002419,PR-maGG5v,dna
ACH-001709,PR-NwtrUx,rna
ACH-001709,PR-1T6Ogc,dna
ACH-001551,PR-nU8roA,rna
ACH-001551,PR-EbZW7K,dna
ACH-000683,PR-A3Grpb,rna
ACH-000683,PR-nsZxe5,dna
ACH-001694,PR-jGtun6,rna
ACH-001694,PR-2ae0kb,dna
ACH-001436,PR-zlHHKA,dna
ACH-002295,PR-zGaxVZ,dna
ACH-002025,PR-Rev6Dl,rna
ACH-002025,PR-t1gU3V,dna
ACH-001239,PR-cSy0cZ,rna
ACH-001239,PR-e4k1Rx,dna
ACH-003139,PR-PmbYHa,rna
ACH-000020,PR-gfSBBp,rna
ACH-000020,PR-raOtPC,dna
ACH-001086,PR-pI7d1A,rna
ACH-001086,PR-INrz6w,dna
ACH-002460,PR-mwL29p,rna
ACH-002460,PR-WzXIVp,dna
ACH-000594,PR-CHMLzF,rna
ACH-000594,PR-wBrNnr,dna
ACH-000677,PR-3noEom,rna
ACH-000677,PR-UOSXFI,dna
ACH-002156,PR-27KADa,dna
ACH-000226,PR-F715oA,rna
ACH-000226,PR-Psink8,dna
ACH-000162,PR-xii8eY,rna
ACH-000162,PR-6hbj0G,dna
ACH-001701,PR-MhrDca,rna
ACH-001701,PR-rf0POO,dna
ACH-000074,PR-vPv1yo,rna
ACH-000074,PR-RGCMOy,dna
ACH-001539,PR-XDvXwJ,rna
ACH-001539,PR-pajigv,dna
ACH-000654,PR-lujcxW,rna
ACH-000654,PR-9KlLER,dna
ACH-002672,PR-BWC1ms,rna
ACH-002672,PR-J7On9V,dna
ACH-000184,PR-t19wdR,rna
ACH-000184,PR-8XsYih,dna
ACH-001502,PR-R7wfSm,rna
ACH-001502,PR-a1Hd3T,dna
ACH-000971,PR-0QFNfM,rna
ACH-000971,PR-YmJ7mI,dna
ACH-000066,PR-5tQNbR,rna
ACH-000066,PR-ZH3h2j,dna
ACH-000432,PR-Ut4uaT,rna
ACH-000432,PR-blDO6C,dna
ACH-001794,PR-O7UjdR,rna
ACH-001794,PR-FlwBPL,dna
ACH-001318,PR-y5SNaW,rna
ACH-001318,PR-dFyNJN,dna
ACH-000450,PR-cJD3JM,rna
ACH-000450,PR-2NsliB,dna
ACH-001366,PR-QZbFgK,rna
ACH-001366,PR-LZHDZW,dna
ACH-000636,PR-HIKGMc,rna
ACH-000636,PR-r9xbuU,dna
ACH-000976,PR-jHjPma,rna
ACH-000976,PR-TpjQn4,dna
ACH-000455,PR-JWn3XA,rna
ACH-000455,PR-nKNzNH,dna
ACH-002016,PR-NrJ3Dw,rna
ACH-002016,PR-gOgH6x,dna
ACH-001484,PR-7Y9PuW,rna
ACH-001484,PR-eEUZcy,dna
ACH-002175,PR-6DGBcP,dna
ACH-001390,PR-WYy5Ty,rna
ACH-001390,PR-LccvHb,dna
ACH-000644,PR-8kVo1s,rna
ACH-000644,PR-zWwfjk,dna
ACH-000345,PR-xjS9A4,rna
ACH-000345,PR-JjObZD,dna
ACH-000780,PR-KvwOoK,rna
ACH-000780,PR-S9sI45,dna
ACH-000601,PR-zMDwI8,rna
ACH-000601,PR-kwhC2j,dna
ACH-000962,PR-utYyFZ,rna
ACH-000962,PR-fiCrEH,dna
ACH-000895,PR-8mRI0n,rna
ACH-000895,PR-C8Jq2o,dna
ACH-001465,PR-TyQ6o4,rna
ACH-001465,PR-a0MJ1U,dna
ACH-000598,PR-Syxhmf,rna
ACH-000598,PR-NAiysP,dna
ACH-001820,PR-SCCTQj,rna
ACH-001820,PR-ms1Rh6,dna
ACH-002392,PR-TyCr4L,dna
ACH-002932,PR-MxqR7p,rna
ACH-002932,PR-s34Qis,dna
ACH-002189,PR-GZUMxm,dna
ACH-000470,PR-aP10Te,rna
ACH-000470,PR-RT7ojv,dna
ACH-002464,PR-VRmi5G,rna
ACH-002464,PR-g5QF67,dna
ACH-002543,PR-4kpDxc,rna
ACH-002543,PR-zcbVpz,dna
ACH-001410,PR-1L6wsI,rna
ACH-001410,PR-ZXBMUP,dna
ACH-003134,PR-27C2SB,rna
ACH-000560,PR-CRcDXf,rna
ACH-000560,PR-C0X6Ou,dna
ACH-001552,PR-MjN6BG,rna
ACH-001552,PR-zqnXiv,dna
ACH-003451,PR-GM83SN,rna
ACH-003451,PR-RDQSwP,dna
ACH-000938,PR-Kmo37M,rna
ACH-000938,PR-6Ybf3z,dna
ACH-002314,PR-20Kvag,dna
ACH-000648,PR-3ouIg3,rna
ACH-000648,PR-GxTIq9,dna
ACH-002150,PR-Z48fd0,dna
ACH-001817,PR-eSvQfJ,rna
ACH-001817,PR-IDBCK9,dna
ACH-001197,PR-jQda9g,rna
ACH-001197,PR-JaOGpt,dna
ACH-001973,PR-iOFAhp,rna
ACH-001973,PR-Bs4EcD,dna
ACH-001359,PR-HzNj7n,dna
ACH-001148,PR-4oVVpL,rna
ACH-001148,PR-E4gauh,dna
ACH-000344,PR-qXX1I4,rna
ACH-000344,PR-7LaE1z,dna
ACH-002015,PR-Ti4t3u,rna
ACH-002015,PR-0wkCvS,dna
ACH-002190,PR-n3idzY,dna
ACH-000999,PR-2tDYpf,rna
ACH-000999,PR-MX9ndc,dna
ACH-002407,PR-QOdtDP,dna
ACH-002651,PR-XgS9FT,rna
ACH-002651,PR-KxrKOR,dna
ACH-000374,PR-TlljjN,rna
ACH-000374,PR-xEIrBG,dna
ACH-000164,PR-n2Dhji,rna
ACH-000164,PR-Tm9gPE,dna
ACH-000641,PR-zh4iUg,rna
ACH-000641,PR-G8b3PF,dna
ACH-000375,PR-4DTcWS,rna
ACH-000375,PR-wbX0XD,dna
ACH-001048,PR-fIob04,rna
ACH-001048,PR-XdBZqt,dna
ACH-001622,PR-kNTLWN,rna
ACH-001622,PR-xIcKv7,dna
ACH-001828,PR-uIQ9RF,rna
ACH-001828,PR-7aZuj8,dna
ACH-002535,PR-b8Fg0G,rna
ACH-002535,PR-xqcEF4,dna
ACH-000472,PR-RPWQct,rna
ACH-000472,PR-urUs9X,dna
ACH-000043,PR-cq7ua3,rna
ACH-000043,PR-MA8H1x,dna
ACH-000410,PR-Q0NBzx,rna
ACH-000410,PR-sqX6JQ,dna
ACH-001280,PR-lvPBXh,rna
ACH-001280,PR-hGNA0B,dna
ACH-002253,PR-7UuGkQ,dna
ACH-002134,PR-xpWLRd,dna
ACH-000592,PR-JUsImc,rna
ACH-000592,PR-DWgEQr,dna
ACH-000283,PR-juL6zA,rna
ACH-000283,PR-WEJ9td,dna
ACH-000190,PR-p2c58x,rna
ACH-000190,PR-8Yu9YJ,dna
ACH-000466,PR-3LnMkg,rna
ACH-000466,PR-TRwlmt,dna
ACH-000748,PR-EwFyoT,rna
ACH-000748,PR-u3mhx9,dna
ACH-000245,PR-zpUQ6R,rna
ACH-000245,PR-l1KgW6,dna
ACH-001861,PR-jtwYoH,rna
ACH-001861,PR-urSizP,dna
ACH-000896,PR-YKxOYs,rna
ACH-000896,PR-HCvEQp,dna
ACH-003475,PR-G580ye,rna
ACH-003475,PR-7KmF9j,dna
ACH-001961,PR-cytVYD,rna
ACH-001961,PR-TsvGBq,dna
ACH-002348,PR-8smNop,dna
ACH-000420,PR-cNXG9u,rna
ACH-000420,PR-urWkad,dna
ACH-002942,PR-kzQOM2,rna
ACH-000629,PR-CPuQvQ,rna
ACH-003426,PR-qSjwfm,rna
ACH-003426,PR-uY72Wj,dna
ACH-000799,PR-AwyW0r,rna
ACH-000799,PR-ifjSuo,dna
ACH-001460,PR-CDvrD3,rna
ACH-001460,PR-NTPVwY,dna
ACH-001987,PR-E0uhCJ,rna
ACH-001987,PR-zfFP2G,dna
ACH-002523,PR-mOvL7b,rna
ACH-002523,PR-qriRkB,dna
ACH-000817,PR-GQJdlT,rna
ACH-000817,PR-Fom7XN,dna
ACH-000949,PR-AlS5Yl,rna
ACH-000949,PR-cpo7Iu,dna
ACH-001677,PR-Xs6oRt,rna
ACH-001677,PR-EsfoqB,dna
ACH-000950,PR-h1OtIX,rna
ACH-000950,PR-nc0Vfp,dna
ACH-001353,PR-27AsBr,rna
ACH-001353,PR-dsHkxo,dna
ACH-000016,PR-Cc8VaL,rna
ACH-002358,PR-qc2Wdd,dna
ACH-000330,PR-9q1RYn,rna
ACH-000330,PR-ufFe7L,dna
ACH-000547,PR-rFRiQ0,rna
ACH-000547,PR-VvDpP0,dna
ACH-003460,PR-OlfEXM,rna
ACH-003460,PR-PNDSJp,dna
ACH-000095,PR-9bHyjI,rna
ACH-000095,PR-7mztNC,dna
ACH-001525,PR-NQRumH,rna
ACH-001525,PR-C54KuC,dna
ACH-000230,PR-5FPUnv,rna
ACH-002127,PR-MWPnKs,dna
ACH-001301,PR-otItUv,rna
ACH-001301,PR-FnbgWC,dna
ACH-000680,PR-T4iJnH,rna
ACH-000680,PR-bpXeZh,dna
ACH-001628,PR-WnMqrw,rna
ACH-001628,PR-s2krk3,dna
ACH-002075,PR-rYaZDR,rna
ACH-002075,PR-otGOcY,dna
ACH-000524,PR-EkzVD4,rna
ACH-000524,PR-aDtlbv,dna
ACH-002388,PR-f22YyN,dna
ACH-000604,PR-IbTtJM,rna
ACH-000604,PR-nNoRvY,dna
ACH-000565,PR-s0eYFF,rna
ACH-000565,PR-XwvS9a,dna
ACH-003132,PR-siQ6Hw,rna
ACH-003457,PR-dLZzdq,rna
ACH-000302,PR-4UVJG8,rna
ACH-000302,PR-Wa2xOE,dna
ACH-000196,PR-Hv4nuW,rna
ACH-000196,PR-k5CObx,dna
ACH-000771,PR-Jqb8cS,rna
ACH-000771,PR-bFagWx,dna
ACH-001610,PR-gjoWcS,rna
ACH-001610,PR-EJPcTI,dna
ACH-001684,PR-KvqyEp,rna
ACH-001684,PR-YNAqeW,dna
ACH-000163,PR-Ptg4Qi,rna
ACH-000163,PR-XeLdka,dna
ACH-003101,PR-zqEZ9t,rna
ACH-003101,PR-2tnlh5,dna
ACH-000925,PR-N3Eup2,rna
ACH-000925,PR-4a3lMb,dna
ACH-001162,PR-hceF11,dna
ACH-001804,PR-bCkbuq,rna
ACH-001804,PR-oRgrtR,dna
ACH-003142,PR-mWoWPs,rna
ACH-001459,PR-PoynFY,rna
ACH-001459,PR-mXR4Uw,dna
ACH-001786,PR-Dd3Y38,rna
ACH-001786,PR-dIoH1a,dna
ACH-001864,PR-Vas5QC,rna
ACH-001864,PR-D0lSrO,dna
ACH-002174,PR-Q4XyLs,dna
ACH-000630,PR-py7xpm,rna
ACH-000630,PR-n4PHas,dna
ACH-002039,PR-ePqZSh,rna
ACH-002039,PR-8VeXZS,dna
ACH-000147,PR-sXGiS8,rna
ACH-000147,PR-jdOrba,dna
ACH-002168,PR-5Aegb2,dna
ACH-000138,PR-px3fif,rna
ACH-000138,PR-WgUzdj,dna
ACH-001373,PR-cayth1,rna
ACH-001373,PR-LBDu2l,dna
ACH-001295,PR-tT2YhD,rna
ACH-001295,PR-lt3s9Y,dna
ACH-002284,PR-qw2Sxc,dna
ACH-001655,PR-0HHXsp,rna
ACH-001655,PR-6PzjrD,dna
ACH-000516,PR-7efTvD,rna
ACH-000516,PR-vaxvTg,dna
ACH-001650,PR-dIz8jG,rna
ACH-001650,PR-6qUWnX,dna
ACH-000793,PR-RvO43J,rna
ACH-000793,PR-7JCpok,dna
ACH-000736,PR-pHgGDw,rna
ACH-000736,PR-CdFk6C,dna
ACH-001365,PR-eTh7sY,dna
ACH-000699,PR-LpcVGK,rna
ACH-000699,PR-Zvl13h,dna
ACH-000365,PR-mwdhSY,rna
ACH-000365,PR-waV5HO,dna
ACH-000208,PR-Mqol4R,rna
ACH-000208,PR-BidGw1,dna
ACH-001550,PR-GW3z1d,rna
ACH-001550,PR-68uoMh,dna
ACH-000651,PR-mR7AGS,rna
ACH-000651,PR-VuYr6p,dna
ACH-001518,PR-VeocjK,rna
ACH-001518,PR-psx3Il,dna
ACH-000115,PR-s0i1bu,rna
ACH-000115,PR-ZLhvp0,dna
ACH-002379,PR-JWMTAX,dna
ACH-000047,PR-sHhvwZ,dna
ACH-002778,PR-6PWbSI,rna
ACH-002778,PR-FPobvq,dna
ACH-001577,PR-gErAlu,rna
ACH-001577,PR-aqBSZU,dna
ACH-000203,PR-FYk1UR,rna
ACH-000203,PR-1z1P4o,dna
ACH-000909,PR-eA69K8,rna
ACH-000909,PR-uiAmJy,dna
ACH-001983,PR-oBIWZm,rna
ACH-001983,PR-NIF1g9,dna
ACH-002152,PR-BTcI0F,dna
ACH-000099,PR-e27kJH,rna
ACH-000099,PR-Qswcpe,dna
ACH-000762,PR-KqYA8l,rna
ACH-000762,PR-99vCNe,dna
ACH-001407,PR-xlwgdq,rna
ACH-001407,PR-rgjFnl,dna
ACH-000785,PR-Jgwbfp,rna
ACH-000785,PR-EcGJ1H,dna
ACH-002509,PR-WdM3Oy,rna
ACH-002509,PR-OZ6R7a,dna
ACH-000857,PR-WtBoyP,rna
ACH-000857,PR-MhBq1t,dna
ACH-002370,PR-RgsbUW,dna
ACH-002680,PR-dMidL0,rna
ACH-002680,PR-S1aCQE,dna
ACH-000246,PR-4kmLyj,dna
ACH-000879,PR-nbMpna,rna
ACH-000879,PR-Z1m7Da,dna
ACH-003135,PR-XozIko,rna
ACH-000942,PR-xQbaOc,rna
ACH-000942,PR-1KtKNh,dna
ACH-000419,PR-NOmgxU,rna
ACH-000419,PR-pUkUFz,dna
ACH-001555,PR-mRjLQC,rna
ACH-001555,PR-5KV6hR,dna
ACH-000682,PR-PzKsid,rna
ACH-000682,PR-oaKAIZ,dna
ACH-000362,PR-gUIf3s,rna
ACH-000362,PR-41uIUA,dna
ACH-000207,PR-nfww1I,rna
ACH-000207,PR-DACp7A,dna
ACH-000566,PR-vEbhQi,rna
ACH-000566,PR-9oSzc2,dna
ACH-002166,PR-7wM9aM,dna
ACH-000855,PR-XfddHe,rna
ACH-000855,PR-Oyo0DM,dna
ACH-000425,PR-oFLYxy,rna
ACH-000425,PR-FbZKpA,dna
ACH-000366,PR-nkEpkd,rna
ACH-000366,PR-6xL42w,dna
ACH-000928,PR-Zpqxil,rna
ACH-000928,PR-piT3XW,dna
ACH-000830,PR-LkZNqr,rna
ACH-000830,PR-oHIfIc,dna
ACH-003137,PR-TiEz8q,rna
ACH-000279,PR-TuCs4Z,rna
ACH-000279,PR-uzeoir,dna
ACH-002310,PR-eHZJvZ,dna
ACH-000696,PR-WFVmS3,rna
ACH-000696,PR-3hCsGH,dna
ACH-000826,PR-SRJ5QT,rna
ACH-000826,PR-Ms9vnJ,dna
ACH-002133,PR-mg1MNZ,dna
ACH-002178,PR-rCh6Mh,dna
ACH-000360,PR-iUUvcE,rna
ACH-000360,PR-xgyQRo,dna
ACH-000342,PR-oHZEkB,rna
ACH-000342,PR-bI4Uy3,dna
ACH-000502,PR-ZoUwzd,rna
ACH-000502,PR-452U9P,dna
ACH-001433,PR-Cssg9I,rna
ACH-001433,PR-fXLYEJ,dna
ACH-000187,PR-B7wdH4,rna
ACH-000187,PR-eleyUv,dna
ACH-000669,PR-CCDS4v,rna
ACH-000669,PR-oj10m2,dna
ACH-002317,PR-QyHIkX,dna
ACH-000980,PR-LMqOct,rna
ACH-000980,PR-ULagYi,dna
ACH-001697,PR-TQWen4,rna
ACH-001697,PR-elakr5,dna
ACH-002218,PR-ktkgBR,dna
ACH-000072,PR-bMBX1I,rna
ACH-000072,PR-TCCkqZ,dna
ACH-000002,PR-yEldOx,rna
ACH-000002,PR-qY1GC4,dna
ACH-000809,PR-pL8wuN,rna
ACH-000809,PR-oc1tWJ,dna
ACH-003268,PR-nVauwP,rna
ACH-000326,PR-KmlYch,rna
ACH-000326,PR-oavctB,dna
ACH-001678,PR-GM4Ehm,rna
ACH-001678,PR-rVZ8uS,dna
ACH-003138,PR-Z0ErG1,rna
ACH-000202,PR-inRQ5c,rna
ACH-000202,PR-lmPNPp,dna
ACH-001023,PR-MsaED6,dna
ACH-001524,PR-bUr0el,rna
ACH-001524,PR-mH1G4k,dna
ACH-000143,PR-dlwhbG,rna
ACH-000143,PR-c91Su5,dna
ACH-000662,PR-h8HfNL,rna
ACH-000662,PR-ko8bDr,dna
ACH-003430,PR-kka0OO,dna
ACH-000459,PR-DHDwYM,rna
ACH-000459,PR-MFjhsh,dna
ACH-001623,PR-R98q5w,rna
ACH-001623,PR-nH0ObA,dna
ACH-002475,PR-QtHaIL,rna
ACH-002475,PR-hbHzo5,dna
ACH-001573,PR-kGvQeG,rna
ACH-001573,PR-GTChuh,dna
ACH-001544,PR-cqVlaE,dna
ACH-003269,PR-KniNF4,rna
ACH-000227,PR-r7vDjG,rna
ACH-000227,PR-YmNQhP,dna
ACH-002213,PR-S8c1QK,dna
ACH-001603,PR-rjNqqo,rna
ACH-001603,PR-VHuCQ4,dna
ACH-000192,PR-usiuei,rna
ACH-000192,PR-Th0Tcz,dna
ACH-000418,PR-CA7cP6,rna
ACH-000418,PR-jxcWCl,dna
ACH-001435,PR-qa17jV,rna
ACH-001435,PR-Oelq6a,dna
ACH-000607,PR-5yYu3E,rna
ACH-000607,PR-YIgePk,dna
ACH-001567,PR-yFEvGS,rna
ACH-001567,PR-cHUO0l,dna
ACH-002180,PR-RD6k1g,dna
ACH-000446,PR-7TW7XL,rna
ACH-000446,PR-5IWcSG,dna
ACH-002269,PR-09S1KU,dna
ACH-000477,PR-lcaBsl,rna
ACH-000477,PR-gjPobh,dna
ACH-001126,PR-w4xKgb,dna
ACH-001289,PR-I2AzwG,rna
ACH-001289,PR-04VvBz,dna
ACH-000232,PR-O4YQGD,rna
ACH-000232,PR-kyhOao,dna
ACH-000005,PR-y0OM3W,rna
ACH-000005,PR-ZMEDE0,dna
ACH-002211,PR-tp1aPG,dna
ACH-001093,PR-hkuteC,dna
ACH-000094,PR-9wfizB,rna
ACH-000094,PR-JroBPO,dna
ACH-001388,PR-JBfN0P,rna
ACH-001388,PR-VCeNaZ,dna
ACH-002695,PR-pUKqKu,rna
ACH-002695,PR-F7fOSJ,dna
ACH-001562,PR-JAoC41,rna
ACH-001562,PR-wm23sm,dna
ACH-000289,PR-Ipum53,rna
ACH-000289,PR-66Xefu,dna
ACH-002706,PR-om3ykh,rna
ACH-002706,PR-JoZpBZ,dna
ACH-000649,PR-YfqV2U,rna
ACH-000649,PR-A3tiJU,dna
ACH-001403,PR-rWc98I,rna
ACH-001403,PR-yb94mw,dna
ACH-001401,PR-r7RidK,rna
ACH-001401,PR-E6Fs6d,dna
ACH-000085,PR-EamGD1,rna
ACH-000085,PR-iK1nqp,dna
ACH-002159,PR-jo1gJI,dna
ACH-001310,PR-cor0lW,rna
ACH-001310,PR-XDaSGk,dna
ACH-001377,PR-je4eBZ,rna
ACH-001377,PR-UzDP2h,dna
ACH-000972,PR-2VAsRM,rna
ACH-000972,PR-HCYCNG,dna
ACH-002080,PR-tcUJtQ,rna
ACH-002080,PR-Ccrt2l,dna
ACH-002311,PR-nMEXwD,dna
ACH-000256,PR-v5BGRz,rna
ACH-000256,PR-SXPIzb,dna
ACH-002021,PR-aeV2m3,rna
ACH-002021,PR-wmFTQZ,dna
ACH-000776,PR-VqrmIZ,rna
ACH-000776,PR-xcsbEI,dna
ACH-000119,PR-AcNBMN,rna
ACH-000119,PR-7GcxlA,dna
ACH-001340,PR-A30qyB,rna
ACH-001340,PR-XCLaFP,dna
ACH-000369,PR-6dOkU8,rna
ACH-000369,PR-lRsNFJ,dna
ACH-000554,PR-ZfLVlE,rna
ACH-000554,PR-BklaUR,dna
ACH-001853,PR-S1cFts,rna
ACH-001853,PR-76UU6d,dna
ACH-001841,PR-fICry6,rna
ACH-001841,PR-VTh6pY,dna
ACH-002161,PR-9bOqrN,dna
ACH-000462,PR-IqhZHg,rna
ACH-000462,PR-BqqB9P,dna
ACH-000091,PR-mnX7c0,rna
ACH-000091,PR-Ptwuk4,dna
ACH-002508,PR-ge4PZ5,rna
ACH-002508,PR-nIugZV,dna
ACH-000626,PR-ifQJgK,rna
ACH-000626,PR-8QwR97,dna
ACH-001382,PR-GWHd54,rna
ACH-001382,PR-dvnpCj,dna
ACH-002231,PR-5ecI84,dna
ACH-001959,PR-SirKzW,rna
ACH-001959,PR-C67eeP,dna
ACH-001974,PR-BD99ZK,rna
ACH-001974,PR-r5ZcIl,dna
ACH-002040,PR-Koodhd,rna
ACH-002040,PR-pBrljT,dna
ACH-000195,PR-DJcKGh,rna
ACH-000195,PR-fj0xC7,dna
ACH-002287,PR-3b1cgr,dna
ACH-002781,PR-3IGzZL,rna
ACH-002781,PR-bJVBIL,dna
ACH-000546,PR-YCxO0X,rna
ACH-000546,PR-H29PoQ,dna
ACH-000213,PR-4yrbNH,rna
ACH-000213,PR-3sPq2a,dna
ACH-000981,PR-HhfBV1,rna
ACH-000981,PR-aj40PN,dna
ACH-002070,PR-U8eLqk,rna
ACH-002070,PR-6BgR9L,dna
ACH-003105,PR-zNzsfk,rna
ACH-003105,PR-CjBrCR,dna
ACH-000124,PR-LWyLdh,rna
ACH-000124,PR-6jnXO1,dna
ACH-000144,PR-qbnXAd,rna
ACH-000144,PR-oXrdOg,dna
ACH-000067,PR-QjFiuO,rna
ACH-000067,PR-GZkVwh,dna
ACH-001996,PR-beTCRU,rna
ACH-001996,PR-fZpHRq,dna
ACH-003433,PR-YdpFhF,rna
ACH-003433,PR-m8B5zD,dna
ACH-002048,PR-PiVerQ,rna
ACH-002048,PR-7bX1tr,dna
ACH-003473,PR-aeShVb,rna
ACH-003473,PR-ZUTeZC,dna
ACH-000078,PR-IdFNxk,rna
ACH-000078,PR-r0b4cz,dna
ACH-000134,PR-Bz96Wh,rna
ACH-000134,PR-YWsnzi,dna
ACH-002095,PR-fCUMvS,dna
ACH-000954,PR-X5zNr4,rna
ACH-000954,PR-yDgpga,dna
ACH-002847,PR-qqIKI9,rna
ACH-002847,PR-IoB78f,dna
ACH-000247,PR-eApQ6H,rna
ACH-000247,PR-C7LnAs,dna
ACH-002711,PR-66IWLo,rna
ACH-002711,PR-VR7f7Y,dna
ACH-000844,PR-edUTwR,rna
ACH-000844,PR-QzzYAo,dna
ACH-000198,PR-ycUfSH,rna
ACH-000198,PR-ceaLPG,dna
ACH-000600,PR-A1ObsZ,rna
ACH-001053,PR-QmwJ73,rna
ACH-001053,PR-jdCmbg,dna
ACH-002102,PR-bO1fo6,dna
ACH-000492,PR-8k60ge,rna
ACH-000492,PR-QIpKET,dna
ACH-000765,PR-X88vKN,rna
ACH-000765,PR-f4mZsh,dna
ACH-003476,PR-OnvzIa,rna
ACH-003476,PR-koOM8l,dna
ACH-001802,PR-2RtWG6,rna
ACH-001802,PR-Y878il,dna
ACH-000172,PR-Rs70c0,rna
ACH-000172,PR-mUpcNh,dna
ACH-001992,PR-PIFexf,rna
ACH-001992,PR-mYuOXb,dna
ACH-000596,PR-dnvj3j,rna
ACH-000596,PR-IUb2Zy,dna
ACH-001379,PR-2echgq,rna
ACH-001379,PR-W05ZUE,dna
ACH-001453,PR-XCUF4J,rna
ACH-001453,PR-3x4RI2,dna
ACH-000038,PR-0OiVj9,rna
ACH-000038,PR-6aWr47,dna
ACH-000372,PR-DDO590,rna
ACH-000372,PR-39ipKV,dna
ACH-000645,PR-7apVSV,rna
ACH-000645,PR-wJ7MxM,dna
ACH-000905,PR-Zbxz7C,rna
ACH-000905,PR-uWKgcA,dna
ACH-002098,PR-buq1qQ,dna
ACH-000721,PR-ug9GqP,rna
ACH-000721,PR-WjYJ7n,dna
ACH-002163,PR-LgFEBI,dna
ACH-002162,PR-Yiw9el,dna
ACH-002263,PR-Ogq8Lr,dna
ACH-001654,PR-m7d30E,rna
ACH-001654,PR-kYV614,dna
ACH-002340,PR-8E5B6f,dna
ACH-003184,PR-6PvcxX,rna
ACH-003184,PR-PqVB39,dna
ACH-001591,PR-PA8th7,rna
ACH-001591,PR-9Oujd0,dna
ACH-001380,PR-eer3rS,rna
ACH-001380,PR-FoPc2W,dna
ACH-001282,PR-3hoqtV,dna
ACH-000084,PR-ldkjkp,rna
ACH-001855,PR-0v7sOP,rna
ACH-001855,PR-bQzhGw,dna
ACH-000263,PR-ahX9nb,rna
ACH-000263,PR-V5gLbW,dna
ACH-002060,PR-ZmtaYr,rna
ACH-002060,PR-w3ptEE,dna
ACH-000532,PR-t6ctGM,rna
ACH-000532,PR-zL9R8E,dna
ACH-001489,PR-NNS4AE,rna
ACH-001489,PR-u8S23q,dna
ACH-000619,PR-hxKVot,rna
ACH-000619,PR-BFXtA4,dna
ACH-000642,PR-sM9mGn,rna
ACH-001738,PR-1ofDIZ,dna
ACH-001765,PR-H0Qdqb,rna
ACH-001765,PR-O238Fk,dna
ACH-002710,PR-FX6MWi,rna
ACH-002710,PR-y3WQWw,dna
ACH-002099,PR-aFJEFo,dna
ACH-000051,PR-0oGaGk,rna
ACH-000051,PR-AfhuNj,dna
ACH-002360,PR-Ro0oLp,dna
ACH-000828,PR-aRWG44,rna
ACH-000828,PR-i3IpRu,dna
ACH-001335,PR-0fum2y,rna
ACH-001335,PR-VCqemJ,dna
ACH-002440,PR-sRMwMT,rna
ACH-002440,PR-dl7baN,dna
ACH-001856,PR-HIcIZg,rna
ACH-001856,PR-oXwoE7,dna
ACH-000315,PR-qyxjJd,rna
ACH-000315,PR-MwPyG0,dna
ACH-001050,PR-YaiemJ,rna
ACH-001050,PR-ZXiFr9,dna
ACH-000244,PR-J27shI,rna
ACH-000244,PR-VPHL4s,dna
ACH-000174,PR-7Z2iGS,rna
ACH-000174,PR-rPKxdw,dna
ACH-001336,PR-99oiVW,rna
ACH-001336,PR-JLqFyB,dna
ACH-000806,PR-6Wbfvi,rna
ACH-000806,PR-jLWDOq,dna
ACH-000307,PR-88GPEz,rna
ACH-000307,PR-98Ohij,dna
ACH-000012,PR-7ATO6F,rna
ACH-000012,PR-SRIORa,dna
ACH-000756,PR-Xxbcu1,rna
ACH-000756,PR-bBX617,dna
ACH-001606,PR-4wqcKJ,dna
ACH-000240,PR-vkLGdd,rna
ACH-000240,PR-QTjcq8,dna
ACH-000494,PR-C1rjZe,rna
ACH-000494,PR-D8ybEK,dna
ACH-000573,PR-QACUDZ,rna
ACH-000573,PR-cWvOTG,dna
ACH-000741,PR-xQ6o5S,rna
ACH-000741,PR-GbAE4Q,dna
ACH-000825,PR-Cdrgyw,rna
ACH-000825,PR-4epcq5,dna
ACH-001229,PR-gSa2xM,rna
ACH-001229,PR-Mwdycl,dna
ACH-000653,PR-PMnysn,rna
ACH-000653,PR-aQbC5a,dna
ACH-003159,PR-hYm4sN,rna
ACH-000123,PR-gBB5AV,rna
ACH-000123,PR-EFsHrO,dna
ACH-000759,PR-v3Dpu4,rna
ACH-000759,PR-9wCrN8,dna
ACH-001391,PR-y4Hq9g,rna
ACH-001391,PR-3lYZxw,dna
ACH-002362,PR-bzaMNn,dna
ACH-000465,PR-yjfNFh,rna
ACH-000465,PR-bWucLt,dna
ACH-001679,PR-6Sm3oF,rna
ACH-001679,PR-vsOIl2,dna
ACH-002298,PR-5W465g,dna
ACH-001321,PR-V3IPAF,rna
ACH-001321,PR-QHgFcn,dna
ACH-000861,PR-wXwSCM,rna
ACH-000861,PR-DQfNOV,dna
ACH-000953,PR-QDmNFa,rna
ACH-000953,PR-LYWGog,dna
ACH-001736,PR-dxD5wB,rna
ACH-001736,PR-GoN0Kn,dna
ACH-002105,PR-cEu8oY,dna
ACH-000325,PR-E0uhoV,rna
ACH-000325,PR-ZWkBLk,dna
ACH-000011,PR-GnzZWf,rna
ACH-000011,PR-yg65fA,dna
ACH-000217,PR-Zs4Ktw,rna
ACH-000217,PR-yPBjRa,dna
ACH-002164,PR-FuQbdF,dna
ACH-003152,PR-73nc9C,rna
ACH-000100,PR-Ozuehi,rna
ACH-000100,PR-NO2bZx,dna
ACH-002361,PR-Oqe9zV,dna
ACH-001002,PR-KgoxFX,dna
ACH-002654,PR-jL737O,rna
ACH-002654,PR-MHJBhN,dna
ACH-002352,PR-FVUD09,dna
ACH-000381,PR-ZdTyF2,rna
ACH-000381,PR-O6ph9B,dna
ACH-001428,PR-ttpLz5,rna
ACH-001428,PR-Z2rciA,dna
ACH-003267,PR-eHTSch,rna
ACH-001274,PR-wbLnSg,rna
ACH-001274,PR-88HQm4,dna
ACH-002094,PR-a5T2sI,dna
ACH-002381,PR-Y9AJZJ,dna
ACH-000314,PR-sJqK5Z,rna
ACH-000314,PR-JFxpSB,dna
ACH-000214,PR-f2uXcc,rna
ACH-000214,PR-cL2BVU,dna
ACH-001172,PR-ZzPC09,rna
ACH-001172,PR-0yCTLT,dna
ACH-000763,PR-8LFywS,rna
ACH-000763,PR-f99RFb,dna
ACH-000764,PR-kQWnuO,rna
ACH-000764,PR-Uvfqfs,dna
ACH-000150,PR-1Oypwt,rna
ACH-000150,PR-zjofuM,dna
ACH-000982,PR-74eluO,rna
ACH-000982,PR-8WZowy,dna
ACH-002693,PR-anqrOi,rna
ACH-002693,PR-UVMHi9,dna
ACH-000745,PR-Sr1Tz8,rna
ACH-000745,PR-5cxr4t,dna
ACH-002115,PR-A0j8Yf,dna
ACH-000992,PR-mkVABK,dna
ACH-000708,PR-llpknG,rna
ACH-000708,PR-JelpSO,dna
ACH-000429,PR-uzEp5Y,rna
ACH-000429,PR-KcD8qD,dna
ACH-002784,PR-c5FfO2,rna
ACH-002784,PR-k85cfM,dna
ACH-000189,PR-TX1XP4,rna
ACH-000189,PR-OGnFWk,dna
ACH-001511,PR-wHpkcX,rna
ACH-001511,PR-Xxrn4L,dna
ACH-000057,PR-66O0dn,rna
ACH-000068,PR-wyP4YB,rna
ACH-000068,PR-ugm4m4,dna
ACH-000194,PR-xzFbWY,rna
ACH-000404,PR-WfzrKC,rna
ACH-000404,PR-g73uDb,dna
ACH-002027,PR-ocDrsV,rna
ACH-002027,PR-Y6KPlY,dna
ACH-000364,PR-kumi0Y,rna
ACH-000364,PR-6d53X9,dna
ACH-000338,PR-kS7v17,rna
ACH-000338,PR-hK64QW,dna
ACH-002059,PR-AQRNOz,rna
ACH-002059,PR-WKuuI6,dna
ACH-000169,PR-UMsViz,rna
ACH-000169,PR-dIGRQn,dna
ACH-000050,PR-3RD5tJ,rna
ACH-000050,PR-qmif4b,dna
ACH-000613,PR-QLMBpH,rna
ACH-000613,PR-NVYpYS,dna
ACH-000837,PR-DjZRV1,rna
ACH-000837,PR-C12hqa,dna
ACH-003273,PR-045poV,rna
ACH-003273,PR-iLYNrK,dna
ACH-003474,PR-f1EZ0e,rna
ACH-003474,PR-N1krey,dna
ACH-000663,PR-fwEAWS,rna
ACH-000663,PR-IXUH2G,dna
ACH-000862,PR-JbRkUE,rna
ACH-000862,PR-9n8Nr3,dna
ACH-000584,PR-qoqjVV,rna
ACH-000584,PR-WNpEYB,dna
ACH-002347,PR-jU9Qik,dna
ACH-000726,PR-TduyIO,rna
ACH-000726,PR-n7TWY6,dna
ACH-002886,PR-2fQQqb,rna
ACH-002886,PR-HpojcM,dna
ACH-001978,PR-l6SnQj,rna
ACH-001978,PR-hDSicj,dna
ACH-000483,PR-JYetfI,rna
ACH-000483,PR-wtAgZH,dna
ACH-003472,PR-7pNdq2,rna
ACH-003472,PR-KUfCyG,dna
ACH-000239,PR-4VQCNI,rna
ACH-000239,PR-R8syrq,dna
ACH-002342,PR-6xbU8h,dna
ACH-000720,PR-ijGcLG,rna
ACH-000720,PR-IHsBhU,dna
ACH-000755,PR-buMq59,rna
ACH-000755,PR-yyBP8Q,dna
ACH-000006,PR-8Cmbny,rna
ACH-000006,PR-5rISRc,dna
ACH-000865,PR-YXD5aQ,rna
ACH-000865,PR-cBwtP5,dna
ACH-001845,PR-MkD7OY,rna
ACH-001845,PR-Am6S8Y,dna
ACH-003438,PR-Ycvqui,rna
ACH-003438,PR-AJ5XMp,dna
ACH-001556,PR-y3Hy4C,rna
ACH-001556,PR-wDOzJq,dna
ACH-002179,PR-oC95H5,dna
ACH-000253,PR-Tc6LDI,rna
ACH-000253,PR-yQcBwB,dna
ACH-000572,PR-jvC6UX,rna
ACH-000572,PR-xftxYA,dna
ACH-002667,PR-OhflBF,rna
ACH-002667,PR-tZNsQS,dna
ACH-000957,PR-01r7OM,rna
ACH-000957,PR-f2NT4P,dna
ACH-003464,PR-zSuB6b,rna
ACH-000912,PR-atsEb5,rna
ACH-000912,PR-maqskN,dna
ACH-000689,PR-jYsqkj,rna
ACH-000689,PR-WguVHw,dna
ACH-000983,PR-lXz5kj,rna
ACH-000983,PR-FGeuv5,dna
ACH-000001,PR-vFBZ2h,rna
ACH-000001,PR-sbeUkh,dna
ACH-001456,PR-fo6yzd,rna
ACH-001456,PR-LKnZT2,dna
ACH-000915,PR-7y8D5u,rna
ACH-000915,PR-DtMcDr,dna
ACH-001607,PR-xesIBi,rna
ACH-001607,PR-qMuiGJ,dna
ACH-000413,PR-xv5eP1,rna
ACH-002128,PR-ZHyyHk,dna
ACH-000358,PR-fqjQgt,rna
ACH-000358,PR-TwNLyX,dna
ACH-002300,PR-35nh9T,dna
ACH-000280,PR-82ZqvV,rna
ACH-000280,PR-NOx3i9,dna
ACH-000503,PR-jY5o2l,rna
ACH-000503,PR-f4sBTR,dna
ACH-000877,PR-0yqA6t,rna
ACH-000877,PR-grhyYE,dna
ACH-000781,PR-hmkCrq,rna
ACH-000781,PR-5gX5yv,dna
ACH-000316,PR-uc6NbL,rna
ACH-000316,PR-V0CO22,dna
ACH-001863,PR-o6uGyU,rna
ACH-001863,PR-FhsuPc,dna
ACH-001128,PR-IUEFt6,rna
ACH-001128,PR-V5ECBf,dna
ACH-000467,PR-4Gx3lv,rna
ACH-000467,PR-w2evP5,dna
ACH-000824,PR-6Jqlga,rna
ACH-000824,PR-8kT9dj,dna
ACH-000273,PR-fs9bME,rna
ACH-000273,PR-WBnZkt,dna
ACH-000955,PR-dZuRwF,rna
ACH-000955,PR-CoHhzW,dna
ACH-000442,PR-Mu4S4x,rna
ACH-000442,PR-39zHGy,dna
ACH-000869,PR-0ccWFQ,rna
ACH-000869,PR-CyXafL,dna
ACH-000511,PR-8led3R,rna
ACH-000511,PR-t7VCy2,dna
ACH-001364,PR-4vbVP3,dna
ACH-000520,PR-09gmEI,rna
ACH-000520,PR-uKy2tK,dna
ACH-000875,PR-MxTNki,rna
ACH-000875,PR-vxER4h,dna
ACH-000913,PR-gUMdHg,rna
ACH-000913,PR-wkUwt1,dna
ACH-000013,PR-gXHYvm,rna
ACH-000013,PR-s6xfW4,dna
ACH-000440,PR-5gssK0,rna
ACH-000440,PR-RwW06i,dna
ACH-002146,PR-GNJfYr,dna
ACH-001542,PR-2nuI3M,rna
ACH-001542,PR-EnZ3C5,dna
ACH-000652,PR-RQbFEw,rna
ACH-000652,PR-vYAqGj,dna
ACH-002169,PR-ib1INl,dna
ACH-000101,PR-nxbIje,rna
ACH-000101,PR-3fpunT,dna
ACH-002924,PR-2JhPpe,rna
ACH-002924,PR-8hUBH6,dna
ACH-000473,PR-ETFBqT,rna
ACH-000473,PR-aiOQBz,dna
ACH-000435,PR-BkcdIS,rna
ACH-000435,PR-apl6oj,dna
ACH-001626,PR-OXiJAU,rna
ACH-001626,PR-SVlRCu,dna
ACH-002107,PR-SlqWmK,dna
ACH-001370,PR-ifKoXG,rna
ACH-001370,PR-1JkFPD,dna
ACH-001130,PR-MdYnGF,dna
ACH-002123,PR-bLARMO,dna
ACH-001652,PR-5I15LD,rna
ACH-001652,PR-E4kgLt,dna
ACH-000886,PR-Ueo2RW,rna
ACH-000886,PR-ZrElIU,dna
ACH-000304,PR-tGVeMK,rna
ACH-000304,PR-711hbz,dna
ACH-000805,PR-391OtC,rna
ACH-000805,PR-STYA1S,dna
ACH-000852,PR-pbdNj6,rna
ACH-000852,PR-U09HEh,dna
ACH-000293,PR-aacPqP,rna
ACH-000293,PR-4Ja92f,dna
ACH-000795,PR-ictHbx,dna
ACH-000056,PR-YeRqVZ,rna
ACH-000056,PR-SqG7aO,dna
ACH-000351,PR-d95SZ5,rna
ACH-000351,PR-Dx7c37,dna
ACH-000876,PR-ytG4Zr,rna
ACH-000876,PR-VJskD1,dna
ACH-001618,PR-YU5gj2,rna
ACH-001618,PR-YJBstR,dna
ACH-000678,PR-GBULrr,rna
ACH-000678,PR-EEtw9B,dna
ACH-001283,PR-PQBLFG,rna
ACH-001283,PR-oSW7v5,dna
ACH-002181,PR-6SyWYo,dna
ACH-001081,PR-HhxI8n,dna
ACH-000098,PR-UyCDjX,rna
ACH-000098,PR-hzeifo,dna
ACH-002499,PR-Ug1AvP,rna
ACH-002499,PR-1Zkz62,dna
ACH-000168,PR-5biXpL,rna
ACH-000168,PR-rcuXvk,dna
ACH-001702,PR-kNeHN4,rna
ACH-001702,PR-C6kpQY,dna
ACH-000079,PR-gAjKyG,rna
ACH-000079,PR-LLWIab,dna
ACH-000493,PR-ikicQY,rna
ACH-000493,PR-ptLF3i,dna
ACH-001498,PR-JeDpvG,rna
ACH-001498,PR-ajQnpq,dna
ACH-000297,PR-NITjzY,rna
ACH-000297,PR-bgMxsQ,dna
ACH-000540,PR-u4yXTv,rna
ACH-000540,PR-izr1JZ,dna
ACH-002147,PR-Pk6WaT,dna
ACH-002533,PR-JehSOL,rna
ACH-002533,PR-QGc7RQ,dna
ACH-002210,PR-XiLnRf,dna
ACH-002356,PR-1p5gBP,dna
ACH-000448,PR-wUsYv2,rna
ACH-000448,PR-Nqfp9a,dna
ACH-001496,PR-6Ngp2b,rna
ACH-001496,PR-y29pOB,dna
ACH-001451,PR-84mJ2n,rna
ACH-001451,PR-b45Wgm,dna
ACH-000778,PR-ElKQik,rna
ACH-000778,PR-rgs88K,dna
ACH-002435,PR-xQcoaI,rna
ACH-002435,PR-YZOfph,dna
ACH-002157,PR-64cwWG,dna
ACH-000255,PR-M3Eg0W,rna
ACH-000255,PR-U5IgY1,dna
ACH-002261,PR-2lOuz3,dna
ACH-000391,PR-pzXbRW,rna
ACH-000391,PR-BDblKP,dna
ACH-000512,PR-wpsybA,rna
ACH-000512,PR-bql0CQ,dna
ACH-001322,PR-UcIQ5l,rna
ACH-001322,PR-RNtGZ6,dna
ACH-002139,PR-hVwjEz,dna
ACH-002946,PR-S3a6f6,rna
ACH-002946,PR-4VyVNa,dna
ACH-000209,PR-5d6LKV,rna
ACH-000209,PR-WHoiZN,dna
ACH-000444,PR-gTg1kp,rna
ACH-000444,PR-JVQxPE,dna
ACH-000984,PR-5JruUz,rna
ACH-000984,PR-ZQMIEy,dna
ACH-001447,PR-ixIMVH,rna
ACH-001447,PR-BBR01Z,dna
ACH-002235,PR-f3aeaA,dna
ACH-000528,PR-yRj8KP,rna
ACH-000528,PR-3ciTsA,dna
ACH-000500,PR-1tswkQ,rna
ACH-000500,PR-DOinrY,dna
ACH-000801,PR-DmI6kN,rna
ACH-000801,PR-PyVSzx,dna
ACH-002382,PR-Bb62wP,dna
ACH-002212,PR-F5xmyp,dna
ACH-000660,PR-WZiHc2,rna
ACH-000660,PR-Fit7Mw,dna
ACH-000890,PR-nkWpjg,rna
ACH-000890,PR-MQLCPH,dna
ACH-001509,PR-AbSKhO,rna
ACH-001509,PR-jL0LWf,dna
ACH-000614,PR-CvQdJR,rna
ACH-000614,PR-YWxy3X,dna
ACH-000883,PR-1og6pR,rna
ACH-000883,PR-MKQZdU,dna
ACH-001515,PR-FR76Nk,rna
ACH-001515,PR-Kz3B24,dna
ACH-000073,PR-MGmKJ3,rna
ACH-000073,PR-BtGoCz,dna
ACH-000754,PR-GxTlHW,rna
ACH-000754,PR-xMfdhk,dna
ACH-001402,PR-gBIJXb,rna
ACH-001402,PR-73LP4X,dna
ACH-000400,PR-CVuVer,rna
ACH-000400,PR-XuGTpJ,dna
ACH-000681,PR-Em6pVT,rna
ACH-000681,PR-oKCH5w,dna
ACH-001508,PR-PrXFxC,rna
ACH-001508,PR-24B4W0,dna
ACH-000731,PR-LzsyWh,rna
ACH-001735,PR-ni9IFM,rna
ACH-001735,PR-mCq0mE,dna
ACH-000107,PR-NYv75L,rna
ACH-000107,PR-k4hRnW,dna
ACH-001513,PR-rsRp0u,rna
ACH-001513,PR-b6SuFY,dna
ACH-000295,PR-7t73Eo,rna
ACH-000295,PR-LXdkYi,dna
ACH-001233,PR-h8FBoU,dna
ACH-001022,PR-ciKalJ,rna
ACH-001022,PR-lvV3e4,dna
ACH-002020,PR-yoOCur,rna
ACH-002020,PR-nSOT6p,dna
ACH-001669,PR-cc2JHs,rna
ACH-001669,PR-dugN3L,dna
ACH-002355,PR-mtEr02,dna
ACH-000704,PR-Qjt2jW,rna
ACH-000704,PR-XuaRbz,dna
ACH-001624,PR-xosHek,rna
ACH-001624,PR-griMjn,dna
ACH-000919,PR-OPyHdN,rna
ACH-000919,PR-qsaGjs,dna
ACH-003121,PR-53NIiV,rna
ACH-003121,PR-GGvVBy,dna
ACH-000656,PR-EAZrIB,rna
ACH-000656,PR-NivMj6,dna
ACH-001819,PR-pwB7cp,rna
ACH-001819,PR-eJKW7S,dna
ACH-000939,PR-EpuuAs,rna
ACH-000939,PR-xgHfr3,dna
ACH-002091,PR-rwtCag,dna
ACH-003160,PR-9j9QDS,rna
ACH-001991,PR-CHSpwA,rna
ACH-001991,PR-RSc97t,dna
ACH-002003,PR-oNkuAu,rna
ACH-002003,PR-d2uH9W,dna
ACH-000576,PR-fHu0fE,rna
ACH-000576,PR-Opwkfg,dna
ACH-001097,PR-ns3q2x,rna
ACH-001097,PR-WO3P3h,dna
ACH-000609,PR-HPBJ3f,rna
ACH-000609,PR-nUdKoV,dna
ACH-000313,PR-FVzPiV,rna
ACH-000313,PR-S7lkMC,dna
ACH-001208,PR-3m6kCG,dna
ACH-000737,PR-oy4Ymg,rna
ACH-000870,PR-qXoAxl,rna
ACH-000870,PR-kdOuZg,dna
ACH-000376,PR-tXQO47,rna
ACH-000376,PR-PjxhIE,dna
ACH-001662,PR-4rUiFM,rna
ACH-001662,PR-9sB1fn,dna
ACH-002668,PR-L4HquK,rna
ACH-002668,PR-I4hDk0,dna
ACH-002130,PR-pAeJPE,dna
ACH-000430,PR-7cBpp8,rna
ACH-000430,PR-ylNx7D,dna
ACH-001411,PR-hK7xqW,rna
ACH-001411,PR-naG97a,dna
ACH-001599,PR-hzq9Ct,dna
ACH-002367,PR-NqIlBM,dna
ACH-000276,PR-8XenIc,rna
ACH-000276,PR-i13Tf1,dna
ACH-000616,PR-wIhfBR,rna
ACH-000616,PR-qwF7H0,dna
ACH-001523,PR-8BsVlg,rna
ACH-001523,PR-kFdiwY,dna
ACH-000319,PR-wkG2Wq,rna
ACH-000319,PR-OY1uJm,dna
ACH-000827,PR-FkZzmE,rna
ACH-000827,PR-AUf1NQ,dna
ACH-000088,PR-DDrbAK,rna
ACH-000269,PR-qOG4gU,rna
ACH-000269,PR-EqGdPy,dna
ACH-000428,PR-im5A2o,rna
ACH-000428,PR-sTuBAT,dna
ACH-002267,PR-c9OVYZ,dna
ACH-002531,PR-DzLvET,rna
ACH-002531,PR-qkv0sN,dna
ACH-001743,PR-vgO88o,rna
ACH-000647,PR-HK7MLs,rna
ACH-000647,PR-OQ5tU2,dna
ACH-000556,PR-Iug0GM,rna
ACH-000556,PR-e0e2Uf,dna
ACH-000753,PR-L3V7if,rna
ACH-000753,PR-10vZ6j,dna
ACH-003465,PR-0qQ705,rna
ACH-003465,PR-vKyeZU,dna
ACH-000451,PR-KJ5TCg,rna
ACH-000451,PR-ROLR8U,dna
ACH-002036,PR-4U6ZhH,dna
ACH-002227,PR-ClnFLO,dna
ACH-000570,PR-PEUSpj,rna
ACH-000570,PR-ygFawj,dna
ACH-000234,PR-uAHYNz,rna
ACH-000234,PR-g3gtC7,dna
ACH-001375,PR-fHN7Ap,rna
ACH-001375,PR-ZUgx91,dna
ACH-002676,PR-IOgD8j,rna
ACH-002676,PR-2f2JlB,dna
ACH-001461,PR-XImzB7,rna
ACH-001461,PR-C0LzlL,dna
ACH-001605,PR-Fq5SE1,rna
ACH-001605,PR-pyNSbW,dna
ACH-000327,PR-feSGd6,rna
ACH-000327,PR-f7h4Ex,dna
ACH-002343,PR-piUHST,dna
ACH-000323,PR-ziaphs,rna
ACH-000323,PR-UcL778,dna
ACH-000452,PR-QbzxO5,rna
ACH-000452,PR-Mp8kTg,dna
ACH-002062,PR-gQRoV8,rna
ACH-002062,PR-9K1Gzv,dna
ACH-000791,PR-XKof0f,rna
ACH-000791,PR-nYYD41,dna
ACH-000772,PR-3nSnQG,rna
ACH-000772,PR-XHbOKZ,dna
ACH-000943,PR-iNkGCw,rna
ACH-000943,PR-rsoNmY,dna
ACH-000782,PR-sTIP2P,rna
ACH-000782,PR-9kNZUy,dna
ACH-000769,PR-F1yFEs,rna
ACH-000769,PR-HN3C6C,dna
ACH-001182,PR-0HbjBS,dna
ACH-000188,PR-iTW9LC,rna
ACH-000188,PR-Qjrhu6,dna
ACH-001656,PR-F9oF6w,rna
ACH-001656,PR-8Z4m6i,dna
ACH-000022,PR-hXqy9s,rna
ACH-000022,PR-xCyXtz,dna
ACH-001517,PR-VxDQTg,rna
ACH-001517,PR-EuQ6MV,dna
ACH-002246,PR-RJ1wxA,dna
ACH-000567,PR-4KCXkR,rna
ACH-000567,PR-ko9wUu,dna
ACH-000848,PR-6SAwzH,rna
ACH-000848,PR-Cbzb19,dna
ACH-001510,PR-dwBsSq,rna
ACH-001510,PR-YazqZR,dna
ACH-002471,PR-oRvTSC,rna
ACH-002471,PR-KZi9zg,dna
ACH-000080,PR-24IFcm,rna
ACH-000080,PR-MQO7wZ,dna
ACH-000356,PR-93DKEC,rna
ACH-000356,PR-1e83fN,dna
ACH-000802,PR-icoZyy,rna
ACH-000802,PR-11LrS9,dna
ACH-000897,PR-6wUUpP,rna
ACH-000897,PR-60G1Cd,dna
ACH-002154,PR-mhrt9c,dna
ACH-001842,PR-KtrmUu,rna
ACH-001842,PR-HV4OkR,dna
ACH-002103,PR-sYRyfT,dna
ACH-000092,PR-7o3bw3,rna
ACH-000092,PR-u3pZT9,dna
ACH-002221,PR-rdwJ5O,dna
ACH-002043,PR-D9cXTV,rna
ACH-002043,PR-9lI3dy,dna
ACH-000885,PR-iGMNDM,rna
ACH-000885,PR-ySytZD,dna
ACH-000457,PR-gLL98a,rna
ACH-000457,PR-7wTlSr,dna
ACH-000158,PR-JLWxbY,rna
ACH-000158,PR-fOsxTk,dna
ACH-000899,PR-itqIbv,rna
ACH-000899,PR-S7cmQD,dna
ACH-002004,PR-oDExe3,rna
ACH-002004,PR-hvlDoR,dna
ACH-001423,PR-rLa19K,rna
ACH-001423,PR-WTMdUL,dna
ACH-000713,PR-PGoqZ3,rna
ACH-000713,PR-Di9pI4,dna
ACH-000911,PR-qajbr0,rna
ACH-000911,PR-CK8DSi,dna
ACH-002511,PR-2rVY3l,rna
ACH-002511,PR-Nzbo9w,dna
ACH-000773,PR-fpa8mv,rna
ACH-000773,PR-fXpf9F,dna
ACH-000739,PR-iq2z3x,rna
ACH-000739,PR-ozp1kx,dna
ACH-001001,PR-6vZTuK,rna
ACH-001001,PR-5EAjfk,dna
ACH-000935,PR-3JyTG0,rna
ACH-000935,PR-YhyskV,dna
ACH-001431,PR-AQUyYJ,rna
ACH-001431,PR-blZ2pd,dna
ACH-000389,PR-UONBZL,rna
ACH-000389,PR-tCtgHM,dna
ACH-001300,PR-JQ1rzX,rna
ACH-001300,PR-Gutdfk,dna
ACH-002112,PR-9LhdJw,dna
ACH-002273,PR-UAFuXt,dna
ACH-001834,PR-lkBeSu,rna
ACH-001834,PR-pqyD89,dna
ACH-002237,PR-uMouS2,dna
ACH-000723,PR-2v3g3G,rna
ACH-000723,PR-1dX3q2,dna
ACH-001132,PR-LY8bSH,rna
ACH-001132,PR-Oi0m4s,dna
ACH-001270,PR-e6p2tj,rna
ACH-001270,PR-p4KnHJ,dna
ACH-000564,PR-zw3i78,rna
ACH-000564,PR-wHCEKi,dna
ACH-000157,PR-CD64bO,rna
ACH-000157,PR-pHOVKv,dna
ACH-001033,PR-OxsQJO,rna
ACH-001033,PR-yIItlL,dna
ACH-002142,PR-vm6g9M,dna
ACH-002001,PR-MVcH2J,rna
ACH-002001,PR-JiufD2,dna
ACH-002173,PR-UEOXGP,dna
ACH-000166,PR-WDBd5T,rna
ACH-000166,PR-zy5agd,dna
ACH-001034,PR-swYFJE,rna
ACH-001034,PR-EgVxjj,dna
ACH-001536,PR-iTqfDc,rna
ACH-001536,PR-C2qhxs,dna
ACH-001201,PR-4uxFBt,rna
ACH-001201,PR-trzETS,dna
ACH-001385,PR-hbv2Dm,rna
ACH-001385,PR-uxMCaY,dna
ACH-000415,PR-0uSN5g,rna
ACH-000415,PR-KeeVHg,dna
ACH-000137,PR-uuF8yk,rna
ACH-000137,PR-csN5al,dna
ACH-002055,PR-duz1aW,rna
ACH-002055,PR-Gta1iS,dna
ACH-000932,PR-W3f0Ls,rna
ACH-000932,PR-Wih2BW,dna
ACH-000241,PR-i1T3z0,rna
ACH-000241,PR-3yujxl,dna
ACH-001862,PR-3nKPNc,rna
ACH-001862,PR-AOMFGh,dna
ACH-001021,PR-N6yb3y,dna
ACH-000133,PR-G3LLpL,rna
ACH-000133,PR-e7ykXF,dna
ACH-002526,PR-ngHGL0,rna
ACH-002526,PR-UASMsg,dna
ACH-000690,PR-iWjF56,rna
ACH-000549,PR-yXu12t,rna
ACH-000549,PR-RqMK4y,dna
ACH-002795,PR-KPo77d,rna
ACH-002795,PR-kGWDgS,dna
ACH-002256,PR-mWFxwu,dna
ACH-000606,PR-uhiHj8,rna
ACH-000606,PR-CpkIXj,dna
ACH-001839,PR-R0emRA,rna
ACH-001839,PR-r8H4nA,dna
ACH-000853,PR-9T4HCt,rna
ACH-000853,PR-Ce7PEk,dna
ACH-001645,PR-kWGeay,rna
ACH-001645,PR-XHNuX5,dna
ACH-000752,PR-dSfYKW,rna
ACH-000752,PR-jyEzcx,dna
ACH-001386,PR-m3XOv9,rna
ACH-001386,PR-i4D3ah,dna
ACH-000734,PR-xGCID2,rna
ACH-000734,PR-37acac,dna
ACH-001668,PR-q32O16,rna
ACH-001668,PR-Q4CsMv,dna
ACH-001339,PR-5ekAAC,rna
ACH-001339,PR-e1avuK,dna
ACH-000510,PR-Er9ReY,rna
ACH-000510,PR-UOveiJ,dna
ACH-000580,PR-EU2Ewv,rna
ACH-000580,PR-h2XOKt,dna
ACH-001674,PR-XBA1c8,rna
ACH-001674,PR-oLgi76,dna
ACH-000045,PR-blGNXN,rna
ACH-000045,PR-46SoC2,dna
ACH-001113,PR-AdBjpG,rna
ACH-001113,PR-F0eREf,dna
ACH-002285,PR-5WO99r,dna
ACH-002167,PR-YWqJ3X,dna
ACH-002296,PR-mbct9S,dna
ACH-001228,PR-b6rrcn,rna
ACH-001228,PR-tVr0u3,dna
ACH-000633,PR-3dMYvZ,rna
ACH-000633,PR-MUPtwP,dna
ACH-000058,PR-fwoIsB,rna
ACH-000058,PR-xEjg3t,dna
ACH-000257,PR-V5Aul5,rna
ACH-000257,PR-Fxytjs,dna
ACH-000812,PR-EoXuyb,rna
ACH-000812,PR-Lnw363,dna
ACH-000845,PR-MwnSjz,rna
ACH-000845,PR-PVzVZB,dna
ACH-002291,PR-BMVH4k,rna
ACH-002291,PR-G9uFht,dna
ACH-002199,PR-WZZ0aJ,dna
ACH-002286,PR-gtCMcX,dna
ACH-000842,PR-j7lHHZ,rna
ACH-000842,PR-KFQhY1,dna
ACH-000761,PR-0NZTmr,rna
ACH-000761,PR-eXCb19,dna
ACH-001355,PR-jSRrFC,dna
ACH-000456,PR-X3HNsH,rna
ACH-000456,PR-LcLyDt,dna
ACH-000774,PR-JcyBfH,rna
ACH-000774,PR-ccVAfj,dna
ACH-002266,PR-QOqqMr,dna
ACH-000960,PR-p4majQ,rna
ACH-000960,PR-o3m2Xg,dna
ACH-002232,PR-fDxTMr,dna
ACH-002782,PR-CMqQWp,rna
ACH-002782,PR-wMUliU,dna
ACH-002148,PR-HKjaHs,dna
ACH-001836,PR-PvFCea,rna
ACH-001836,PR-uL2uoM,dna
ACH-000076,PR-7zqkBh,rna
ACH-000076,PR-TRx6qN,dna
ACH-000718,PR-kj5h82,rna
ACH-000718,PR-HyeiHz,dna
ACH-000833,PR-CUG5qc,rna
ACH-000833,PR-HnL4XR,dna
ACH-000534,PR-hCr92F,rna
ACH-000534,PR-abv1Dv,dna
ACH-000605,PR-DI7DAb,rna
ACH-000605,PR-PeOuiH,dna
ACH-000541,PR-EH33kC,rna
ACH-000541,PR-yPh1Ou,dna
ACH-000608,PR-n5GuJu,rna
ACH-000608,PR-zB9Zze,dna
ACH-001331,PR-unkPlv,dna
ACH-000631,PR-KYN314,rna
ACH-000631,PR-OFRo5c,dna
ACH-000597,PR-w00MaJ,rna
ACH-000597,PR-vuRAsN,dna
ACH-000019,PR-QbgDTJ,rna
ACH-000019,PR-VLTXhP,dna
ACH-000568,PR-EcZOOx,rna
ACH-000568,PR-cJ5K5i,dna
ACH-000790,PR-fzvxxp,rna
ACH-000790,PR-qI6TAO,dna
ACH-000779,PR-TEBAID,rna
ACH-000779,PR-t1P1Sr,dna
ACH-001990,PR-cWcA2t,rna
ACH-001990,PR-aF1MTe,dna
ACH-000889,PR-csUOGC,rna
ACH-000889,PR-mq0Rh9,dna
ACH-001538,PR-I21681,rna
ACH-001538,PR-HNPzqu,dna
ACH-000306,PR-kOG4Da,rna
ACH-001986,PR-rlvppM,rna
ACH-001986,PR-slPVjh,dna
ACH-000392,PR-r3I3K5,rna
ACH-000392,PR-nBvsae,dna
ACH-002252,PR-2zNA9s,dna
ACH-000903,PR-sEyfI6,rna
ACH-000903,PR-HXmKaZ,dna
ACH-001378,PR-voM1Nr,rna
ACH-001378,PR-qcE8gc,dna
ACH-001528,PR-MSWTYV,rna
ACH-001528,PR-AAAPDO,dna
ACH-000787,PR-OJyWEi,rna
ACH-000787,PR-kEWjFH,dna
ACH-000835,PR-zad6sw,rna
ACH-000835,PR-rWrc4g,dna
ACH-000666,PR-H8e5Hb,rna
ACH-000666,PR-sgXEkc,dna
ACH-000535,PR-Ut1UDJ,rna
ACH-000535,PR-3Id9kv,dna
ACH-002117,PR-KaeQoW,dna
ACH-002023,PR-I3QLzA,rna
ACH-002023,PR-sE0XKo,dna
ACH-000664,PR-jFV4Jb,rna
ACH-000664,PR-lVpAZb,dna
ACH-002365,PR-vZtlym,dna
ACH-000120,PR-QalXm5,rna
ACH-000120,PR-8BrHOT,dna
ACH-000850,PR-o20z4H,rna
ACH-000794,PR-AOJnHP,rna
ACH-000794,PR-7tGhYX,dna
ACH-000880,PR-XoClA2,rna
ACH-000880,PR-84shel,dna
ACH-002069,PR-T5GgCW,rna
ACH-002069,PR-XxqTX3,dna
ACH-000615,PR-6nTedt,rna
ACH-000615,PR-fAUVnh,dna
ACH-000258,PR-TZUg10,rna
ACH-000258,PR-eDbeAr,dna
ACH-000412,PR-LDoCZe,rna
ACH-000412,PR-TAqZxy,dna
ACH-000970,PR-A2ss8C,rna
ACH-000970,PR-nMNcVs,dna
ACH-002397,PR-WdDv1i,dna
ACH-000706,PR-AQdP9q,rna
ACH-000706,PR-aZnSMf,dna
ACH-002301,PR-eW4uZr,dna
ACH-000032,PR-VSmtFD,rna
ACH-000032,PR-Xcdqi8,dna
ACH-002690,PR-1n7Cpv,rna
ACH-002690,PR-SD32IL,dna
ACH-002195,PR-CiXMqx,dna
ACH-001129,PR-B9MV6y,rna
ACH-001129,PR-mOBSvv,dna
ACH-000285,PR-ACNZor,rna
ACH-000285,PR-89HlYy,dna
ACH-000215,PR-Yx5Qnd,rna
ACH-000215,PR-YS6dsK,dna
ACH-000173,PR-OMZ70F,rna
ACH-000173,PR-6gEpz9,dna
ACH-000460,PR-mEX7rp,rna
ACH-000460,PR-4n1OpK,dna
ACH-002490,PR-Mg8oJW,rna
ACH-002490,PR-O5LkYZ,dna
ACH-000218,PR-TLglA4,rna
ACH-000218,PR-HyMLJj,dna
ACH-001716,PR-vZcxjI,rna
ACH-001716,PR-uYaeFm,dna
ACH-000553,PR-Yl6znf,rna
ACH-000553,PR-za3nFW,dna
ACH-002238,PR-DoQH9v,dna
ACH-000274,PR-uzHwbi,rna
ACH-000274,PR-aFx2RI,dna
ACH-001571,PR-tt6Rqi,rna
ACH-001571,PR-yE0OhP,dna
ACH-000717,PR-cawyX7,rna
ACH-000717,PR-KR7GjG,dna
ACH-000914,PR-wARViT,rna
ACH-000914,PR-72Va7n,dna
ACH-000350,PR-buFhBK,rna
ACH-000350,PR-NSPGdW,dna
ACH-001150,PR-djLlXf,rna
ACH-001838,PR-ACpsFG,rna
ACH-001838,PR-9LHdqw,dna
ACH-000551,PR-jYCMWD,rna
ACH-000551,PR-aheaZL,dna
ACH-000574,PR-8FmIkm,rna
ACH-000574,PR-ppRdDh,dna
ACH-000004,PR-pEZmVx,rna
ACH-000004,PR-Rzu8kD,dna
ACH-000675,PR-eumaai,rna
ACH-000675,PR-ZomkXl,dna
ACH-000586,PR-tBWeFX,rna
ACH-000586,PR-tcGtRs,dna
ACH-000617,PR-2qZ6BH,rna
ACH-000617,PR-pL8BZX,dna
ACH-002383,PR-tG48qj,dna
ACH-000557,PR-JoSIPF,rna
ACH-000557,PR-hz54pd,dna
ACH-001368,PR-NSmgnI,rna
ACH-001368,PR-QpRhc9,dna
ACH-001688,PR-rAn6HZ,rna
ACH-001688,PR-CKo1cd,dna
ACH-001302,PR-CAxmUa,rna
ACH-001302,PR-vUaWgR,dna
ACH-000153,PR-g3R9ni,rna
ACH-000153,PR-eUlZL8,dna
ACH-001041,PR-w0AUkc,rna
ACH-001041,PR-aPcu78,dna
ACH-000555,PR-8EZwQT,rna
ACH-000555,PR-JUyl3z,dna
ACH-000355,PR-PqRnKz,rna
ACH-000355,PR-TyXr4o,dna
ACH-001641,PR-A8aefd,rna
ACH-001641,PR-FSmUok,dna
ACH-000665,PR-sVtE0j,rna
ACH-000665,PR-O1Dni4,dna
ACH-001346,PR-HxYvIU,rna
ACH-001346,PR-psGRjS,dna
ACH-002709,PR-ufGqTY,dna
ACH-002005,PR-8rVvVB,rna
ACH-002005,PR-M8qILE,dna
ACH-002233,PR-EGztqb,dna
ACH-002045,PR-Dd85Wi,rna
ACH-002045,PR-N8ZQUe,dna
ACH-000900,PR-idtmVT,rna
ACH-000900,PR-voYF6y,dna
ACH-001020,PR-HmuylQ,rna
ACH-001020,PR-rAi6i6,dna
ACH-000030,PR-TLl6Lb,rna
ACH-000030,PR-X8sCBt,dna
ACH-000872,PR-3x4PYY,rna
ACH-000872,PR-tOPQ2g,dna
ACH-002660,PR-6o1wDH,rna
ACH-002660,PR-e2DqLA,dna
ACH-001107,PR-vPcJUK,dna
ACH-001452,PR-z1ZBpL,dna
ACH-000742,PR-0vINre,rna
ACH-001445,PR-NCyLXI,rna
ACH-001445,PR-eL15XH,dna
ACH-001708,PR-2YKrCh,rna
ACH-001708,PR-B8lCsL,dna
ACH-002522,PR-WMD0NM,rna
ACH-002522,PR-zRvFdj,dna
ACH-001799,PR-fcB0Un,rna
ACH-001799,PR-MoFuCf,dna
ACH-000386,PR-6zE2q1,rna
ACH-000386,PR-ta2aWo,dna
ACH-000506,PR-F4LMAc,rna
ACH-000506,PR-vMnbB3,dna
ACH-000628,PR-boiAEH,rna
ACH-000628,PR-hTO7AX,dna
ACH-002228,PR-BOuA93,dna
ACH-000409,PR-ZBzAIP,rna
ACH-000409,PR-T5Bs3L,dna
ACH-001125,PR-bsFLyR,dna
ACH-000401,PR-7XTzf6,rna
ACH-000401,PR-WO4QLw,dna
ACH-001449,PR-ErgMb7,rna
ACH-001449,PR-KkCq6r,dna
ACH-001334,PR-mqjp6u,rna
ACH-001334,PR-rJaHLi,dna
ACH-000167,PR-r9EPko,rna
ACH-000167,PR-y1k7Ve,dna
ACH-000987,PR-rnQOrB,rna
ACH-000987,PR-7n7fXy,dna
ACH-001344,PR-sioaGi,rna
ACH-001344,PR-YyLPhD,dna
ACH-001118,PR-ML7pWk,dna
ACH-002806,PR-byOIvV,rna
ACH-002806,PR-v47I4Y,dna
ACH-000449,PR-r0hndP,rna
ACH-000449,PR-eN29bJ,dna
ACH-000160,PR-9m5YIW,rna
ACH-000160,PR-UNMBBn,dna
ACH-001437,PR-AMXsv1,rna
ACH-001437,PR-UaW9gv,dna
ACH-000533,PR-tJfKKO,rna
ACH-000533,PR-KktycR,dna
ACH-001970,PR-PiTdiv,rna
ACH-001970,PR-u26ps6,dna
ACH-000868,PR-jC0ol4,rna
ACH-000868,PR-dRGv9A,dna
ACH-002191,PR-Nken5D,dna
ACH-000324,PR-JM2KCk,rna
ACH-000324,PR-pNRbJ7,dna
ACH-000814,PR-lm1TFX,rna
ACH-000814,PR-x3dWKC,dna
ACH-001046,PR-yHb6g8,rna
ACH-001046,PR-fboip1,dna
ACH-000898,PR-DZLH9k,rna
ACH-000898,PR-2guO1R,dna
ACH-001795,PR-0Zt9XK,rna
ACH-001795,PR-L7L0jx,dna
ACH-000181,PR-ZAOmKe,rna
ACH-000181,PR-bRG72C,dna
ACH-000829,PR-Appiio,rna
ACH-000829,PR-MJJfxr,dna
ACH-001099,PR-0M0gNH,rna
ACH-001099,PR-5bw8Sw,dna
ACH-001711,PR-T4GW4o,rna
ACH-001711,PR-rUvmIM,dna
ACH-000650,PR-JMlc5k,rna
ACH-000650,PR-yil4Fa,dna
ACH-002083,PR-MCTJuq,dna
ACH-002532,PR-Ct7o4F,rna
ACH-002532,PR-ttA2N7,dna
ACH-002524,PR-KO5T22,rna
ACH-002524,PR-AkSGR2,dna
ACH-000808,PR-pQ2gs3,rna
ACH-000808,PR-whKOqh,dna
ACH-002084,PR-ndLdLY,rna
ACH-002084,PR-xyiBD5,dna
ACH-000284,PR-J3Er5E,rna
ACH-000284,PR-UjQ0Q2,dna
ACH-000536,PR-ew7y5I,rna
ACH-000536,PR-c3WH0h,dna
ACH-000906,PR-o6XD68,rna
ACH-000906,PR-kcL5s5,dna
ACH-001686,PR-7vcLBC,rna
ACH-001686,PR-8oZYyH,dna
ACH-000112,PR-bZ7Np7,rna
ACH-000112,PR-eawROX,dna
ACH-000627,PR-dMOep3,rna
ACH-000627,PR-mGujHd,dna
ACH-000693,PR-7FbLPU,rna
ACH-000693,PR-sxFiuq,dna
ACH-000945,PR-24alez,rna
ACH-000945,PR-Ce8eMD,dna
ACH-001642,PR-QwYzp3,rna
ACH-001642,PR-zrjzDr,dna
ACH-000156,PR-EYrDj1,rna
ACH-000156,PR-MVmw0R,dna
ACH-000499,PR-WI2NDh,rna
ACH-000499,PR-pdqtLg,dna
ACH-000033,PR-mnal5i,rna
ACH-002024,PR-5wNsGX,rna
ACH-002024,PR-Zdrl57,dna
ACH-002122,PR-n0eBhD,dna
ACH-000211,PR-zhRtPD,rna
ACH-000211,PR-HBKcFU,dna
ACH-002155,PR-O92s3k,dna
ACH-001275,PR-m9dGPT,rna
ACH-001275,PR-60ceNo,dna
ACH-000854,PR-ocxsJi,rna
ACH-000132,PR-36vuIB,rna
ACH-000132,PR-pz76Ci,dna
ACH-000856,PR-0f2vAo,rna
ACH-000856,PR-oLPbwB,dna
ACH-001065,PR-w17BEw,dna
ACH-000639,PR-9vwlN6,rna
ACH-000639,PR-txDXl3,dna
ACH-003266,PR-d4aYLF,rna
ACH-000959,PR-FKzzol,rna
ACH-000959,PR-8xr84R,dna
ACH-001035,PR-3nG8Ct,rna
ACH-001035,PR-RO88TC,dna
ACH-000922,PR-pgq6K8,rna
ACH-000922,PR-dTN7So,dna
ACH-002500,PR-WYgmnG,rna
ACH-002500,PR-QV7oyX,dna
ACH-002165,PR-dTy3Nb,dna
ACH-001068,PR-Rm18e9,rna
ACH-001068,PR-BVIhZQ,dna
ACH-003153,PR-pVxTN4,rna
ACH-000062,PR-kRoBoc,rna
ACH-000062,PR-t8SaQo,dna
ACH-001193,PR-0z5dYr,rna
ACH-001193,PR-DuXlVu,dna
ACH-000929,PR-FbfJpO,rna
ACH-000929,PR-4Guo7R,dna
ACH-002357,PR-bhMYSp,dna
ACH-000286,PR-DylSnW,rna
ACH-000286,PR-YJpl8R,dna
ACH-002351,PR-2BGNxT,dna
ACH-000874,PR-mYhmQz,rna
ACH-000874,PR-8HSgmJ,dna
ACH-001848,PR-C225QE,rna
ACH-001848,PR-q9IpON,dna
ACH-002463,PR-gSH3es,rna
ACH-002463,PR-Yf6hXD,dna
ACH-000146,PR-FOaDmL,rna
ACH-000146,PR-kRtxhU,dna
ACH-000039,PR-hPxwjS,rna
ACH-000039,PR-tGnS2w,dna
ACH-000059,PR-zP37KL,rna
ACH-000059,PR-gxuPCo,dna
ACH-001619,PR-JYaayr,rna
ACH-001619,PR-u5LGMv,dna
ACH-000026,PR-857s92,rna
ACH-000026,PR-VVVniJ,dna
ACH-001438,PR-JfAmEL,rna
ACH-001438,PR-rwMETY,dna
ACH-002687,PR-bS0kx1,rna
ACH-002687,PR-ALq0Yt,dna
ACH-001712,PR-csMEgu,rna
ACH-001712,PR-VGraRK,dna
ACH-000210,PR-5nAkgO,rna
ACH-000210,PR-PfPZdy,dna
ACH-000643,PR-3Sx2P1,rna
ACH-000643,PR-CHJbfm,dna
ACH-002486,PR-rHdGMG,rna
ACH-002486,PR-0o2rt1,dna
ACH-002183,PR-leaaZd,dna
ACH-000988,PR-Akhd2Z,rna
ACH-000988,PR-LBnrNX,dna
ACH-000136,PR-vzY45q,rna
ACH-000136,PR-27yVZ5,dna
ACH-002409,PR-tUeVkn,rna
ACH-002409,PR-1NGHoM,dna
ACH-000265,PR-MvUHzT,rna
ACH-000265,PR-6Bch6P,dna
ACH-002061,PR-Fd4Uat,rna
ACH-002061,PR-GmchTa,dna
ACH-000395,PR-4FMaFX,rna
ACH-000395,PR-td87Mh,dna
ACH-000866,PR-0IljO4,rna
ACH-000866,PR-AfEcRz,dna
ACH-000037,PR-qsWt2f,rna
ACH-000037,PR-Q3PW8k,dna
ACH-001570,PR-QHZ44T,rna
ACH-001570,PR-pP13nB,dna
ACH-002650,PR-FZ3AZJ,rna
ACH-002650,PR-xfBhbF,dna
ACH-001847,PR-SslwaV,rna
ACH-001847,PR-fS57Uz,dna
ACH-001127,PR-JIWarm,dna
ACH-000924,PR-bLHpb1,rna
ACH-000924,PR-oRjvwk,dna
ACH-002047,PR-tmYGZG,rna
ACH-002047,PR-aP2PPs,dna
ACH-000816,PR-92DBs7,rna
ACH-000816,PR-qic3LK,dna
ACH-001151,PR-7K2yhx,rna
ACH-001151,PR-amLslQ,dna
ACH-000021,PR-gJszNf,rna
ACH-000021,PR-eVFKjZ,dna
ACH-000447,PR-Vd2mq2,rna
ACH-000447,PR-P7ivEQ,dna
ACH-000441,PR-BaBtLP,rna
ACH-000441,PR-2vKf8J,dna
ACH-002242,PR-SnpeaT,dna
ACH-002109,PR-fBKnqX,dna
ACH-000320,PR-cDVOo6,rna
ACH-000320,PR-rllCnB,dna
ACH-000414,PR-0jK5CP,rna
ACH-000414,PR-Z6ygbb,dna
ACH-000673,PR-JybGuH,rna
ACH-000673,PR-1DMQEW,dna
ACH-000176,PR-gyWFK3,rna
ACH-000176,PR-xKMlp1,dna
ACH-000292,PR-gMEq6C,rna
ACH-000292,PR-DmaZUc,dna
ACH-000340,PR-iTlNWL,rna
ACH-000340,PR-JbzjQE,dna
ACH-002208,PR-XW4pvi,dna
ACH-001389,PR-gP1ErT,rna
ACH-001389,PR-B8sPoH,dna
ACH-001554,PR-z37MAY,rna
ACH-001554,PR-ymhriY,dna
ACH-000625,PR-LfW3kz,rna
ACH-000625,PR-illyAu,dna
ACH-002052,PR-q3LFqK,rna
ACH-002052,PR-sbjG3E,dna
ACH-000305,PR-Qw2Ht3,rna
ACH-000305,PR-s9Eho8,dna
ACH-000377,PR-J0Axfh,rna
ACH-000377,PR-XROOQD,dna
ACH-002265,PR-j5Qvx9,dna
ACH-000931,PR-k0J8JP,rna
ACH-002225,PR-VJ4QO4,dna
ACH-001574,PR-N1KumS,rna
ACH-001574,PR-tN3aBR,dna
ACH-001696,PR-sdHa0I,rna
ACH-001696,PR-GsPeEV,dna
ACH-001427,PR-qpmqme,rna
ACH-001427,PR-nUWhyf,dna
ACH-000637,PR-3H2lE3,rna
ACH-000637,PR-w9FGAF,dna
ACH-000839,PR-POuPl0,rna
ACH-000839,PR-c659kW,dna
ACH-000893,PR-yi9PwD,rna
ACH-000893,PR-5eybX8,dna
ACH-000770,PR-JJP9Vp,rna
ACH-000770,PR-tbjuMc,dna
ACH-000390,PR-x1Rf2T,rna
ACH-000390,PR-eb0GsA,dna
ACH-001303,PR-BVA4PJ,rna
ACH-001303,PR-oBE1tw,dna
ACH-002275,PR-2Rohed,dna
ACH-000927,PR-Pnalt2,rna
ACH-000927,PR-boobRt,dna
ACH-002113,PR-iMfpfU,dna
ACH-001376,PR-9I9gZ8,rna
ACH-001376,PR-uqGF1w,dna
ACH-001636,PR-auQ5cl,rna
ACH-001636,PR-toCXvU,dna
ACH-000287,PR-ReLpoZ,rna
ACH-000287,PR-ZviR3O,dna
ACH-002364,PR-1fyy3l,dna
ACH-001030,PR-uBA6FV,rna
ACH-001030,PR-A3pvk8,dna
ACH-000902,PR-78Rz7B,rna
ACH-000902,PR-i6J3tN,dna
ACH-002403,PR-Z3bUGR,rna
ACH-002403,PR-RkaN4r,dna
ACH-001849,PR-3O96Xk,rna
ACH-001849,PR-IJgOEC,dna
ACH-000514,PR-uqbh8b,rna
ACH-000514,PR-cU6icv,dna
ACH-002282,PR-kL47E1,dna
ACH-000040,PR-BaVv7U,rna
ACH-000040,PR-562g0G,dna
ACH-002058,PR-882Px5,dna
ACH-000539,PR-3WfiTh,rna
ACH-000130,PR-IxOM7b,rna
ACH-000130,PR-2tdb7F,dna
ACH-001529,PR-zap7EQ,rna
ACH-001529,PR-WXjyA3,dna
ACH-002120,PR-ydc9mn,dna
ACH-000281,PR-Z2Mw8p,rna
ACH-000281,PR-PV4SRx,dna
ACH-000396,PR-lw3V4j,rna
ACH-000396,PR-If3Zof,dna
ACH-000579,PR-6GSWBb,rna
ACH-000579,PR-TpqM8I,dna
ACH-000974,PR-wl3guH,rna
ACH-000974,PR-K4GcyS,dna
ACH-001019,PR-8vpuuC,rna
ACH-001019,PR-h2yCdU,dna
ACH-001329,PR-j8OgFW,rna
ACH-001329,PR-tearO4,dna
ACH-000529,PR-85uMir,rna
ACH-000529,PR-YCiZWz,dna
ACH-001522,PR-MlinS7,rna
ACH-001522,PR-H4aeGM,dna
ACH-000270,PR-VLvqTG,rna
ACH-000270,PR-HlfNG0,dna
ACH-002996,PR-O0YpaX,rna
ACH-002996,PR-LzqC1p,dna
ACH-000081,PR-Is4I21,rna
ACH-000081,PR-ngot7H,dna
ACH-003061,PR-FTUHUL,rna
ACH-003061,PR-3DdR8v,dna
ACH-000998,PR-Ly6pdP,rna
ACH-000998,PR-U2fdjq,dna
ACH-001384,PR-Xr49Zy,rna
ACH-001384,PR-ZQyKh4,dna
ACH-000036,PR-GF1Lzy,rna
ACH-000036,PR-53yu7G,dna
ACH-000777,PR-Og0abo,rna
ACH-000777,PR-ukNBMh,dna
ACH-001700,PR-QMqboA,rna
ACH-001700,PR-79Mqqq,dna
ACH-002353,PR-XnNruP,dna
ACH-002470,PR-JkhZZD,rna
ACH-002470,PR-TwcRx7,dna
ACH-000105,PR-YpkXCH,rna
ACH-000105,PR-mCDWfb,dna
ACH-000908,PR-triSRE,rna
ACH-000908,PR-7wqNkp,dna
ACH-000332,PR-9B8rxy,rna
ACH-000332,PR-ZaxePm,dna
ACH-001843,PR-dCu8o2,rna
ACH-001843,PR-Qyn1xS,dna
ACH-002074,PR-RP1x1T,rna
ACH-002074,PR-g5rswH,dna
ACH-000661,PR-2Jjiec,rna
ACH-000661,PR-QZhuij,dna
ACH-002279,PR-KFM9lV,dna
ACH-000958,PR-N9fwlM,rna
ACH-000958,PR-WqTF07,dna
ACH-000525,PR-xO5JLc,rna
ACH-000525,PR-R1zayg,dna
ACH-000803,PR-vsDdwO,rna
ACH-000803,PR-RlqMkp,dna
ACH-000331,PR-rIEJbj,rna
ACH-000331,PR-FgeHco,dna
ACH-000254,PR-YaxhVG,rna
ACH-000254,PR-W9yGhh,dna
ACH-001164,PR-7am447,rna
ACH-001164,PR-Cc6WwT,dna
ACH-003180,PR-AiM8d8,rna
ACH-003180,PR-8IdR56,dna
ACH-002308,PR-u5FimK,dna
ACH-002374,PR-TYbIdm,dna
ACH-000710,PR-bd9LX0,rna
ACH-001979,PR-DuAy1L,rna
ACH-001979,PR-eC8Vkw,dna
ACH-000489,PR-nucLyc,rna
ACH-000489,PR-CqsOR2,dna
ACH-000563,PR-sfoVbc,rna
ACH-000563,PR-1930g1,dna
ACH-000363,PR-ixez4a,rna
ACH-000363,PR-u1G9JO,dna
ACH-000486,PR-LjcU4V,rna
ACH-000486,PR-1CYINn,dna
ACH-000357,PR-cOzeOf,rna
ACH-000357,PR-TYEUow,dna
ACH-000815,PR-PDkGEq,rna
ACH-000815,PR-0tdcT8,dna
ACH-000054,PR-9PAINE,rna
ACH-000054,PR-240v4w,dna
ACH-000475,PR-9L0L8U,rna
ACH-000475,PR-9gcP8z,dna
